idsabi;nombre;nif;año;11000;11100;11200;11300;11400;11500;11600;11700;12000;12100;12200;12210;12220;12230;12240;12250;12260;12300;12400;12500;12600;12700;10000;20000;21000;21100;21200;21300;21400;21500;21510;21520;21600;21700;21800;21900;22000;23000;31000;31100;31200;31300;31400;31500;31600;31700;32000;32100;32200;32300;32400;32500;32600;32700;30000;40100;40110;40120;40130;40200;40300;40400;40410;40420;40430;40440;40500;40510;40520;40600;40610;40620;40630;40700;40710;40720;40730;40740;40750;40800;40900;41000;41100;41110;41120;41130;41200;41300;49100;41400;41500;41600;41700;41800;41810;41820;42100;42110;42120;42130;49200;49300;41900;49400;42000;49400;50010;50020;50030;50040;50050;50060;50070;59200;50080;50090;50100;50110;50120;50130;59300;59400;52013
15;NORDOTEL SAU;A07411499;2008;57374,635680;96,130720;57268,805760;;;9,699200;;;23283,099970;;628,842080;357,032590;268,809490;;;;3,000000;8771,730780;7528,112560;4004,850150;156,418550;2193,145850;80657,735650;62629,744020;62407,491530;319,671900;7615,182320;53588,206560;;;;;;884,430750;;;;222,252490;1097,505770;1061,358360;36,147410;;;;;;16930,485860;;;1656,170510;7564,891930;7709,423420;;;80657,735650;24703,985840;1906,987740;22796,998100;;;;-5101,733360;-1152,041790;-3480,318040;-469,373530;;498,165570;498,165570;;-11004,238470;-8406,177670;-2598,060800;;-5980,921100;-5558,359060;-360,238640;-62,323400;;;-3045,397650;41,098860;;-339,980000;;-339,980000;;;-13,478450;-242,498760;799,966180;-25,614990;;;;;;;;;;774,351190;531,852430;352,578320;884,430750;;884,430750;;;;;;;;;;;;;;;;884,430750;
15;NORDOTEL SAU;A07411499;2009;65130,635280;92,070620;64198,044520;;;39,699200;800,820940;;19027,617290;;507,768670;198,318790;306,449880;;;;3,000000;11283,920280;4481,897520;95,423030;149,629950;2508,977840;84158,252570;64411,640150;64244,186140;319,671900;7615,182320;54472,637310;;;;;;1836,694610;;;;167,454010;1947,365570;1110,212360;837,153210;;;;;;17799,246850;;;928,861400;7463,336060;9407,049390;;;84158,252570;37813,083270;2511,063670;35302,019600;;;;-7680,710240;-1643,254000;-5412,641000;-624,815240;;711,675350;706,497490;5,177860;-16206,770410;-12406,136090;-3744,634320;-56,000000;-8902,065820;-8331,502110;-543,022000;-27,541710;;;-4512,667620;54,798480;;-420,821890;-203,093000;-217,728890;;;22,162750;878,683870;272,681660;-35,140710;;-0,242460;58,927770;;58,927770;;;;;296,226260;1174,910130;661,784480;1836,694610;;1836,694610;;;;;;;;;;;-54,798000;;;;-54,798000;1781,896610;
15;NORDOTEL SAU;A07411499;2010;69703,282000;64,866000;67004,712000;;;10,935000;2622,769000;;20082,201000;;549,296000;151,332610;394,656380;;;;3,307010;12094,335000;6089,527000;47,595000;146,511000;1154,937000;89785,483000;66741,563000;66532,659000;319,672000;7615,182000;56309,332000;;;;;;2288,473000;;;;208,904000;1953,471000;657,389000;1296,082000;;;;;;21090,449000;;;1616,777000;6767,521000;12706,151000;;;89785,483000;36300,539000;1766,165000;34534,374000;;;;-7881,922000;-1147,878000;-6132,310000;-601,734000;;608,278000;608,278000;;-15602,134000;-11887,299000;-3610,017000;-104,818000;-7772,754000;-7233,336000;-534,499000;-4,919000;;;-5163,932000;65,701000;;-186,128000;;-186,128000;;;-4,178000;363,470000;157,972000;-54,848000;;-0,069000;;;;;;;;103,055000;466,525000;1821,948000;2288,473000;;2288,473000;;;107,151000;;;;;107,151000;;;-65,701000;;;;-65,701000;2329,923000;
15;NORDOTEL SAU;A07411499;2011;72648,041000;153,347000;70794,648000;;;10,935000;1689,111000;;16744,784000;;450,533000;125,869000;321,357000;;;;3,307000;9654,108000;4033,815000;47,692000;319,610000;2239,026000;89392,825000;65915,407000;65751,515000;319,672000;7615,182000;58597,805000;;;;;;-781,144000;;;;163,892000;1662,787000;733,660000;929,127000;;;;;;21814,631000;;;4729,304000;5620,623000;11464,704000;;;89392,825000;39331,738000;1390,920000;37940,818000;;;;-9584,315000;-890,429000;-8017,373000;-676,513000;;613,654000;613,654000;;-17461,711000;-13275,573000;-4137,641000;-48,497000;-7794,153000;-7232,895000;-532,845000;-28,413000;;;-4901,894000;67,220000;;-182,228000;;-182,228000;;;-0,221000;88,090000;155,659000;-91,212000;;-0,023000;;;;;;;;64,424000;152,514000;-933,658000;-781,144000;;-781,144000;;;22,208000;;;;;22,208000;;;-67,220000;;;;-67,220000;-826,156000;
15;NORDOTEL SAU;A07411499;2012;73783,432000;138,718000;70045,484000;;;2171,985000;1427,245000;;17651,239000;;529,055000;137,942000;293,388000;;;;97,725000;10980,444000;4183,778000;18,949000;1098,226000;840,787000;91434,671000;65612,220000;65436,337000;319,672000;7615,182000;58597,805000;;-781,144000;;-781,144000;;-315,178000;;;;175,883000;3222,488000;677,872000;544,615000;2000,001000;;;;;22599,963000;;;1610,132000;8161,201000;12828,630000;;;91434,671000;41795,189000;1312,201000;40482,988000;;;;-9728,540000;-915,791000;-8131,786000;-680,963000;;715,122000;715,122000;;-18450,312000;-14239,296000;-4211,016000;;-9242,719000;-8614,704000;-626,981000;-1,034000;;;-5208,520000;51,249000;34,652000;-81,181000;;-81,181000;;;-27,650000;-142,710000;181,986000;-92,570000;;-0,018000;;;;;;;;89,398000;-53,312000;-261,866000;-315,178000;;-315,178000;;;63,240000;;;;;63,240000;;;-51,249000;;;;-51,249000;-303,187000;
15;NORDOTEL SAU;A07411499;2013;78167,805000;297,265000;68886,203000;;;7567,028000;1417,309000;;36577,815000;;845,790000;216,138000;624,345000;;;;5,307000;22012,150000;6638,461000;718,254000;3421,081000;2942,079000;114745,620000;66503,079000;66344,354000;319,672000;7615,182000;58597,805000;;-1096,322000;;-1096,322000;;908,017000;;;;158,725000;8238,642000;652,613000;186,029000;7400,000000;;;;;40003,899000;;;1153,185000;16659,608000;22191,106000;;;114745,620000;67367,255000;2592,383000;64774,872000;;;;-17514,486000;-1514,206000;-14134,563000;-1865,717000;;1470,861000;1470,861000;;-27282,208000;-20737,255000;-6522,090000;-22,863000;-17829,161000;-16779,213000;-834,608000;-200,722000;-14,618000;;-5188,390000;17,158000;;-160,070000;;-160,070000;;;;880,959000;367,622000;-330,628000;;;;;;;;;;36,994000;917,953000;-9,936000;908,017000;;908,017000;;;;;;;;;;;-17,158000;;;;-17,158000;890,859000;
15;NORDOTEL SAU;A07411499;2014;92200,245000;226,432000;76132,526000;;;13456,644000;2384,643000;;35481,709000;;947,427000;183,639000;732,808000;;;;30,980000;20222,156000;5066,743000;1162,743000;3063,007000;5019,633000;127681,954000;68437,410000;68290,900000;319,672000;7615,182000;59505,822000;;-1096,322000;;-1096,322000;;1946,546000;;;;146,510000;14977,009000;608,529000;68,480000;14300,000000;;;;;44267,535000;;;2406,352000;13949,232000;27911,951000;;;127681,954000;88055,813000;2334,924000;85720,889000;;;;-24237,631000;-962,942000;-18916,219000;-4358,470000;;1443,327000;1443,327000;;-32969,460000;-24532,160000;-8437,300000;;-25470,649000;-24667,859000;-945,734000;158,281000;-15,337000;;-5590,648000;12,215000;;-267,499000;;-267,499000;;;;975,468000;665,234000;-661,490000;;;;;;;;;;3,744000;979,212000;967,334000;1946,546000;;1946,546000;;;;;;;;;;;-12,215000;;;;-12,215000;1934,331000;
15;NORDOTEL SAU;A07411499;2015;99303,093000;205,277000;84265,834000;;;12875,571000;1956,411000;;40328,981000;;962,037000;174,442000;784,595000;;;;3,000000;18668,762000;11513,634000;1612,803000;2917,998000;4653,747000;139632,074000;70590,937000;70478,508000;319,671900;7615,182000;61452,366100;;-1096,322000;;-1096,322000;;2187,610000;;;;112,429000;15911,860000;817,340000;;15094,520000;;;;;53129,277000;;50,000000;5349,471000;18266,020000;29463,786000;;;139632,074000;102784,391000;1786,838000;100997,553000;;;;-26624,899000;-1202,019000;-20332,822000;-5090,058000;;1585,824000;1585,824000;;-37859,114000;-28219,615000;-9639,499000;;-29927,293000;-28604,112000;-1045,430000;-251,290000;-26,461000;;-6779,999000;34,081000;;-57,119000;;-57,119000;;;;3155,872000;655,547000;-1195,577000;;;;;;;;;;-540,030000;2615,842000;-428,232000;2187,610000;;2187,610000;;;;;;;;;;;-34,081000;;;;-34,081000;2153,529000;
15;NORDOTEL SAU;A07411499;2016;100391,463000;176,941000;85188,843000;;;10877,580000;4148,099000;;38753,353000;;991,389000;168,346000;820,043000;;;;3,000000;22767,925000;879,613000;2092,445000;2538,351000;9483,630000;139144,816000;78379,691000;78282,669000;358,016000;7615,182000;66386,002000;;-1096,322000;;-1096,322000;;5019,791000;;;;97,022000;13446,557000;5895,877000;3700,680000;3850,000000;;;;;47318,568000;;1143,108000;4679,748000;18442,394000;23053,318000;;;139144,816000;112182,609000;1899,999000;110282,610000;;;;-28775,249000;-1096,449000;-22144,109000;-5534,691000;;1766,689000;1766,689000;;-41028,941000;-30969,643000;-10059,298000;;-37866,730000;-30211,517000;-1301,138000;-6328,267000;-25,808000;;-7726,072000;15,407000;;-181,080000;;-181,080000;;;;-1613,367000;461,079000;-969,402000;;;-202,388000;-202,388000;;;;;;-710,711000;-2324,078000;7343,869000;5019,791000;;5019,791000;;;;;;;;;;;-15,407000;;;;-15,407000;5004,384000;
15;NORDOTEL SAU;A07411499;2017;94113,820000;182,740000;82635,625000;;;8108,406000;3187,049000;;42028,183000;;907,165000;50,565000;853,600000;;;;3,000000;27714,591000;7897,961000;1434,784000;1818,980000;2254,702000;136142,003000;92897,544000;91938,430000;358,015700;7615,182300;71405,792000;;-1096,322000;;-1096,322000;;13655,762000;;;;959,114000;5158,368000;805,710000;2710,158000;1350,000000;292,500000;;;;38086,091000;;50,000000;3263,051000;9960,990000;23486,409000;1325,641000;;136142,003000;120117,558000;954,139000;119163,419000;;;;-29720,755000;-507,985000;-23267,478000;-5945,292000;;1902,631000;1902,631000;;-42121,968000;-31467,656000;-10654,312000;;-33301,041000;-32154,391000;-1268,364000;146,338000;-24,624000;;-9883,215000;1095,407000;6140,960000;-130,841000;;-130,841000;;;;14098,736000;559,261000;-551,276000;;23,262000;;;;;;;;31,247000;14129,983000;-474,221000;13655,762000;;13655,762000;;;2250,000000;;;;-562,501000;1687,499000;;;-1095,407000;;;270,000000;-825,407000;14517,854000;
15;NORDOTEL SAU;A07411499;2018;88453,146000;145,840000;78473,051000;;;6311,676000;3522,579000;;47192,761000;;867,086000;48,261000;815,825000;;;;3,000000;29739,577000;8175,202000;556,572000;6008,915000;1845,409000;135645,907000;93600,516000;93463,310000;358,015700;7615,182000;85061,556300;;-1096,322000;;-1096,322000;;1524,878000;;;;137,206000;2775,319000;1047,139000;1705,680000;;22,500000;;;;39270,072000;;217,309000;4000,013000;12141,993000;21732,048000;1178,709000;;135645,907000;119042,094000;843,519000;118198,575000;;;;-28120,536000;-361,780000;-22386,896000;-5371,860000;;1986,328000;1986,328000;;-44595,915000;-33011,865000;-11584,050000;;-36458,874000;-35069,320000;-1232,847000;-134,272000;-22,435000;;-10254,243000;1095,408000;;-2577,384000;-2455,399000;-121,985000;;;-167,309000;-50,431000;290,420000;-71,425000;;1,334000;;;;;;;;220,329000;169,898000;1354,980000;1524,878000;;1524,878000;;;3,500000;;;;;3,500000;;;-1095,407000;;;270,000000;-825,407000;702,971000;
566;NORTIA HOTELS & RESORTS S.A.;A41390022;2008;3306,776000;362,789000;2597,222000;;257,284000;89,481000;;;1839,454000;;168,447000;94,910000;73,537000;;;;;608,774000;912,571000;0,792000;27,697000;121,173000;5146,230000;1422,421000;1382,067000;300,500000;;1832,523000;;;;;;-750,956000;;;;40,354000;2338,413000;;2337,386000;1,027000;;;;;1385,396000;;;440,467000;;944,929000;;;5146,230000;5962,630000;5962,630000;;;;;-755,279000;-615,633000;-139,646000;;;48,657000;35,353000;13,304000;-3213,226000;-2479,167000;-734,059000;;-2558,346000;-2448,821000;-74,900000;-5,054000;-29,571000;;-391,256000;;;;;;;;;-906,820000;6,671000;-172,039000;;;;;;;;;;-165,368000;-1072,188000;321,232000;-750,956000;;-750,956000;;;;;;;;;;;-4,023000;;;;-4,023000;-754,979000;
566;NORTIA HOTELS & RESORTS S.A.;A41390022;2009;3105,232000;270,587000;2469,367000;;283,310000;81,968000;;;1082,817000;;168,619000;94,586000;74,033000;;;;;566,152000;295,201000;11,462000;26,460000;14,923000;4188,049000;23,895000;-12,436000;300,500000;;1967,758000;;-898,569000;;-898,569000;;-1382,125000;;;;36,331000;2044,981000;;2044,981000;;;;;;2119,173000;;;320,367000;851,911000;946,895000;;;4188,049000;4951,805000;4679,367000;272,438000;;;;-717,929000;-617,022000;-100,907000;;;25,852000;16,945000;8,907000;-2858,875000;-2209,645000;-649,230000;;-2493,481000;-2442,040000;-39,907000;-7,612000;-3,922000;;-462,361000;;;-0,089000;;-0,089000;;;-3,927000;-1559,005000;1,033000;-146,408000;;;;;;;;;;-145,375000;-1704,380000;322,255000;-1382,125000;;-1382,125000;;;;;;;;;;;-4,023000;;;;-4,023000;-1386,148000;
566;NORTIA HOTELS & RESORTS S.A.;A41390022;2010;3055,799000;177,617000;2239,412000;;556,802000;81,968000;;;1191,219000;;182,239000;95,477000;75,310000;;;;11,452000;630,148000;310,635000;1,550000;33,347000;33,300000;4247,018000;368,026000;335,717000;300,500000;;1967,758000;;-2280,694000;;-2280,694000;1380,383000;-1032,230000;;;;32,309000;1739,620000;;1739,620000;;;;;;2139,372000;;;340,511000;902,773000;896,088000;;;4247,018000;5056,728000;4682,793000;373,935000;;;;-775,646000;-668,015000;-107,631000;;;35,835000;31,004000;4,831000;-2875,248000;-2223,251000;-651,997000;;-2575,121000;-2527,066000;-54,756000;6,701000;;;-439,289000;;;;;;;;9,316000;-1563,425000;0,028000;-180,703000;;;;;;;;;;-180,675000;-1744,100000;711,870000;-1032,230000;;-1032,230000;;;;;;;;;;;-4,022000;;;;-4,022000;-1036,252000;
566;NORTIA HOTELS & RESORTS S.A.;A41390022;2011;2967,219000;112,181000;1964,859000;;;81,968000;808,211000;;1387,266000;;182,320000;89,296000;75,416000;;;;17,608000;794,531000;320,896000;;25,083000;64,436000;4354,485000;-965,054000;-993,340000;300,500000;;1952,505000;;-1932,541000;;-1932,541000;;-1313,804000;;;;28,286000;1512,734000;;1512,734000;;;;;;3806,805000;;;250,143000;2608,585000;948,077000;;;4354,485000;5002,544000;4680,610000;321,934000;;;;-732,470000;-620,017000;-112,453000;;;58,364000;52,183000;6,181000;-2913,516000;-2252,648000;-660,868000;;-2690,624000;-2647,315000;-40,837000;-2,472000;;;-398,029000;;;;;;;;3,768000;-1669,963000;0,082000;-206,367000;;;;;;;;;;-206,285000;-1876,248000;562,444000;-1313,804000;;-1313,804000;;;;;;;;;;;-4,023000;;;;-4,023000;-1317,827000;
566;NORTIA HOTELS & RESORTS S.A.;A41390022;2012;2944,635000;97,138000;1717,709000;;35,333000;48,623000;1045,832000;;1835,058000;;123,265000;67,169000;56,096000;;;;;882,542000;765,242000;;19,809000;44,200000;4779,693000;107,146000;69,587000;300,500000;;1952,505000;;-3246,345000;;-3246,345000;3430,180000;-2367,253000;;;;37,559000;1230,814000;;1230,814000;;;;;;3441,733000;;;230,965000;1805,198000;1405,570000;;;4779,693000;4457,459000;4161,665000;295,794000;;;;-722,594000;-606,036000;-116,558000;;;66,570000;56,067000;10,503000;-3138,354000;-2528,102000;-610,252000;;-3144,316000;-3078,372000;-41,504000;-24,440000;;;-320,613000;;;-235,544000;;-235,544000;;;18,353000;-3019,039000;0,293000;-362,915000;;;;;;;;;;-362,622000;-3381,661000;1014,408000;-2367,253000;;-2367,253000;;;13,567000;;;;;13,567000;;;-4,294000;;;;-4,294000;-2357,980000;
566;NORTIA HOTELS & RESORTS S.A.;A41390022;2013;2821,922000;76,833000;1587,710000;;33,333000;48,623000;1075,423000;;1040,880000;;124,475000;72,303000;52,172000;;;;;573,622000;299,967000;;8,892000;33,924000;3862,802000;503,787000;481,071000;300,500000;;1952,505000;;-1002,882000;;-1002,882000;;-769,052000;;;;22,716000;860,744000;;851,009000;;9,735000;;;;2498,271000;;;309,509000;1390,746000;798,016000;;;3862,802000;3793,226000;3562,341000;230,885000;;;;-585,702000;-518,776000;-66,926000;;;73,753000;65,228000;8,525000;-2096,571000;-1612,938000;-483,633000;;-1759,754000;-1711,528000;-30,550000;-0,693000;-16,983000;;-312,209000;5,108000;;;;;;;;-882,149000;;-216,461000;;;;;;;;;;-216,461000;-1098,610000;329,558000;-769,052000;;-769,052000;;;;;;;;;;;-5,108000;;;-9,735000;-14,843000;-783,895000;
566;NORTIA HOTELS & RESORTS S.A.;A41390022;2014;2548,747000;54,547000;1507,644000;;;52,930000;933,238000;0,388000;1225,714000;;139,647000;77,042000;62,605000;;;;;615,911000;422,066000;;10,195000;37,895000;3774,461000;-741,263000;-760,403000;300,500000;;1952,505000;;-1771,934000;;-1771,934000;;-1241,474000;;;;19,140000;537,832000;;530,176000;;7,656000;;;;3977,892000;;;330,336000;2910,544000;737,012000;;;3774,461000;4185,970000;4184,290000;1,680000;;;;-661,579000;-586,988000;-74,591000;;;87,035000;82,161000;4,874000;-2131,405000;-1630,098000;-501,307000;;-2471,691000;-2404,693000;;-31,929000;-35,069000;;-329,756000;5,108000;;;;;;;;-1316,318000;1,099000;-206,740000;;0,058000;;;;;;;;-205,583000;-1521,901000;280,427000;-1241,474000;;-1241,474000;;;;;;;;;;;-5,108000;;;1,532000;-3,576000;-1245,050000;
566;NORTIA HOTELS & RESORTS S.A.;A41390022;2015;2398,675000;29,878000;1292,525000;;;7,854000;1067,460000;0,958000;1229,557000;;165,995000;93,984000;72,011000;;;;;580,485000;411,915000;45,076000;2,994000;23,092000;3628,232000;1274,532000;1257,856000;300,500000;;1952,505000;;-856,214000;;-856,214000;1342,806000;-1481,741000;;;;16,676000;1229,735000;;200,022000;1023,520000;5,558000;;0,635000;;1123,965000;;19,653000;338,451000;;765,861000;;;3628,232000;4304,321000;4304,321000;;;;;-741,767000;-655,162000;-86,605000;;;70,536000;67,351000;3,185000;-2187,979000;-1668,369000;-519,610000;;-2693,693000;-2645,359000;-23,837000;-15,986000;-8,511000;;-330,740000;5,108000;;-154,653000;-154,653000;;;;;-1728,867000;;-298,597000;;0,133000;;;;;;;;-298,464000;-2027,331000;545,590000;-1481,741000;;-1481,741000;;;;;;;;;;;-5,108000;;2,644000;;-2,464000;-1484,205000;
566;NORTIA HOTELS & RESORTS S.A.;A41390022;2016;3204,639000;2,975000;1822,858000;;1270,195000;48,623000;59,988000;;1205,947000;;159,931000;76,411000;83,520000;;;;;809,844000;195,337000;;13,833000;27,002000;4410,586000;2181,866000;2169,021000;300,500000;;1952,505000;;-2545,354000;;-2545,354000;3540,865000;-1079,495000;;;;12,845000;537,259000;;532,343000;;4,281000;;0,635000;;1691,461000;;12,178000;641,907000;;1037,376000;;;4410,586000;4774,092000;4774,092000;;;;;-788,114000;-687,646000;-100,468000;;;55,173000;54,061000;1,112000;-2260,981000;-1735,701000;-525,280000;;-2682,549000;-2643,987000;-24,116000;-13,709000;-0,737000;;-310,746000;5,108000;;;;;;;;-1208,017000;7,785000;-76,662000;;0,194000;;;;;;;;-68,683000;-1276,700000;197,205000;-1079,495000;;-1079,495000;;;;;;;;;;;-5,108000;;;1,277000;-3,831000;-1083,326000;
566;NORTIA HOTELS & RESORTS S.A.;A41390022;2017;2838,142000;0,592000;2051,604000;;693,077000;48,623000;44,246000;;1229,719000;;186,391000;93,464000;92,927000;;;;;812,004000;210,399000;;0,828000;20,097000;4067,861000;1321,160000;1312,146000;300,500000;;862,481000;;-2615,509000;;-2615,509000;3540,865000;-776,191000;;;;9,014000;1244,196000;80,684000;1160,508000;;3,004000;;;;1502,505000;;33,531000;471,214000;;997,760000;;;4067,861000;5688,907000;5688,907000;;;;;-976,070000;-831,020000;-145,050000;;;49,007000;48,903000;0,104000;-2522,409000;-1937,550000;-584,859000;;-2893,004000;-2861,399000;-25,138000;0,010000;-6,477000;;-357,751000;5,108000;;;;;;;;-1006,212000;79,727000;-44,575000;;0,197000;;;;;;;;35,349000;-970,863000;194,672000;-776,191000;;-776,191000;;;;;;;;;;;-5,108000;;;1,277000;-3,831000;-780,022000;
566;NORTIA HOTELS & RESORTS S.A.;A41390022;2018;2427,794000;0,076000;2022,255000;;326,189000;48,623000;30,651000;;1712,936000;;191,470000;94,873000;96,597000;;;;;556,965000;844,632000;0,149000;106,438000;13,282000;4140,730000;1332,085000;1323,071000;300,500000;;862,481000;;-3391,700000;;-3391,700000;3540,865000;10,925000;;;;9,014000;1071,969000;101,790000;967,175000;;3,004000;;;;1736,676000;;0,626000;442,295000;;1291,111000;2,644000;;4140,730000;3032,342000;3032,342000;;;;;-449,263000;-401,757000;-47,506000;;;25,994000;25,994000;;-1449,725000;-1108,803000;-319,816000;-21,106000;-1588,322000;-1569,955000;-12,950000;0,472000;-5,889000;;-172,852000;;;-0,188000;-0,188000;;;;;-602,014000;16,133000;-23,933000;;0,102000;;;;;;;;-7,698000;-609,712000;620,637000;10,925000;;10,925000;;;;;;;;;;;;;;;;10,925000;
644;NOU ARGAR XXI SL;B57207052;2008;21598,344380;10,257640;21251,763190;;;115,506570;220,816980;;1769,268620;;210,576460;;;;;;;878,410730;665,276400;9,166300;;5,838730;23367,613000;5500,299990;5500,299990;5706,000000;;283,768380;;-200,033140;;;;-289,435250;;;;;16733,908510;;16723,868570;;10,039940;;;;1133,404500;;;590,252630;1,702720;541,449150;;;23367,613000;4421,177460;;;;;;-1164,474490;;;;;14,745580;;;-1549,551290;;;;-1209,277800;;;;;;;;;;;;;;61,736580;574,356040;0,020510;-980,464840;;0,000010;;;;;;;;-980,444320;-406,088280;116,653030;;;-289,435250;;;;;;;;;;;;;;;;;
644;NOU ARGAR XXI SL;B57207052;2009;21981,323110;10,257640;21327,387500;;;116,181570;527,496400;;1709,784030;;234,871650;;;;;;;1251,439110;;37,188840;;186,284430;23691,107140;5279,306260;5279,306260;6612,000000;;100,196040;;-489,468390;;;;-943,421390;;;;;14937,101180;131,149310;14805,951870;;;;;;3474,699700;;;274,184420;2280,565940;919,949340;;;23691,107140;2941,118960;;;;6,410850;;-886,234610;;;;;20,850470;;;-1105,834810;;;;-1117,777360;;;;;;;;;;;;;;21,169580;-120,296920;0,006120;-1139,849830;;-0,000120;;;;;;;;-1139,843830;-1260,140750;316,719360;;;-943,421390;;;;;;;;;;;;;;;;;
644;NOU ARGAR XXI SL;B57207052;2010;22012,154300;10,257640;21327,387500;;;1,550000;672,959160;;2060,101970;;271,614940;;;;;;;1509,948970;;;;278,538060;24072,256270;4841,715950;4841,715950;6612,000000;;100,196040;;-1432,889780;;;;-437,590310;;;;;15396,808290;131,149310;15265,658980;;;;;;3833,732030;;;647,006530;2554,232640;632,492860;;;24072,256270;3749,303750;;;;94,520350;;-1060,065379;;;;;14,756770;;;-1402,659490;;;;-1267,417650;;;;;;;;;;;;;;5,210230;133,648579;1,038310;-717,739600;;-0,000360;;;;;;;;-716,701650;-583,053070;145,462760;;;-437,590310;;;;;;;;;;;;;;;;;
644;NOU ARGAR XXI SL;B57207052;2011;21869,305780;8,299138;20878,249020;;;31,000000;951,757620;;1073,565540;;171,506480;;;;;;;902,059060;;;;;22942,871320;4804,208090;4804,208090;7412,000000;;100,196040;;-1870,480090;;;;-837,507860;;;;;14752,543420;110,699850;14641,843570;;;;;;3386,119810;;;1148,870750;1826,196660;411,052400;;;22942,871320;3302,854010;;;;;;-1019,455670;;;;;18,994450;;;-1308,349340;;;;-996,564290;;;;;;-451,096980;;;;;;;;-27,013410;-480,631230;13,961940;-649,637030;;;;;;;;;;-635,675090;-1116,306320;278,798460;;;-837,507860;;;;;;;;;;;;;;;;;
644;NOU ARGAR XXI SL;B57207052;2012;21605,761180;6,340640;20429,110540;;;30,850000;1139,460000;;1370,235370;;151,440430;;;;;;;609,783310;;0,132810;;608,878820;22975,996550;4241,100960;4241,100960;7412,000000;;100,196040;;-2707,987950;;;;-563,107130;;;;;16278,458400;107,126410;16171,331990;;;;;;2456,437190;;;6,211260;1835,094240;615,131690;;;22975,996550;2994,015170;;;;;;-845,885080;;;;;110,427310;;;-1223,935970;;;;-917,157670;;;;;;-451,096980;;;;;;;;-15,391970;-349,025190;3,143580;-404,927900;;;;;;;;;;-401,784320;-750,809510;187,702380;;;-563,107130;;;;;;;;;;;;;;;;;
644;NOU ARGAR XXI SL;B57207052;2013;21479,772280;34,368250;19999,818460;;;30,700000;1414,885570;;500,057570;;27,487250;;;;;;;356,644930;;;;115,925390;21979,829850;3409,836610;3409,836610;7412,000000;;100,196040;;-3271,095080;;;;-831,264350;;;;;16150,000000;;16150,000000;;;;;;2419,993240;;;791,996080;1098,374330;529,622829;;;21979,829850;2995,761980;;;;0,745260;;-791,852110;;;;;57,921100;;;-1103,326980;;;;-913,410010;;;;;;-451,110870;;;;;;;;-2,928120;-208,199750;0,069500;-895,859100;;;;;;;;;;-895,789600;-1103,989350;272,725000;;;-831,264350;;;;;;;;;;;;;;;;;
644;NOU ARGAR XXI SL;B57207052;2014;21202,867910;27,409750;19550,679980;;;30,750000;1594,028180;;376,829920;;26,026890;;;;;;;225,786550;;1,150050;;123,866430;21579,697830;2872,408770;2872,408770;5929,600000;;;;-2519,763390;;;;-537,427840;;;;;15820,000000;;15820,000000;;;;;;2887,289060;;;1569,474540;614,940280;702,874240;;;21579,697830;3098,475750;;;;0,123220;;-801,659810;;;;;29,113740;;;-1090,240890;;;;-996,199030;;;;;;-456,096980;;;;;;;;-10,950420;-227,434420;2,144010;-491,280040;;;;;;;;;;-489,136030;-716,570450;179,142610;;;-537,427840;;;;;;;;;;;;;;;;;
644;NOU ARGAR XXI SL;B57207052;2015;21299,341680;0,465140;19253,680110;;;481,060000;1564,136430;;344,807890;;25,360790;;;;;;;266,367800;;1,150050;;51,929250;21644,149570;2932,682940;2932,682940;5929,600000;;;;-3057,191230;;;;60,274170;;;;;15430,093600;;15430,093600;;;;;;3281,373030;;;2664,601950;181,845990;434,925090;;;21644,149570;3419,667530;;;;2,379750;;-759,110180;;;;;15,963780;;;-1121,473290;;;;-1074,913990;;;;;;-298,958370;;;;;;;;346,820780;530,376010;0,008950;-440,219040;;;;;;;;;;-440,210090;90,165920;-29,891750;;;60,274170;;;;;;;;;;;;;;;;;
644;NOU ARGAR XXI SL;B57207052;2016;20848,723630;;18804,427200;;;480,160000;1564,136430;;406,610850;;63,045640;;;;;;;196,383640;;0,126720;;147,054850;21255,334480;2314,989520;2314,989520;5929,600000;;;;-2996,917060;;;;-617,693420;;;;;14769,678760;;14769,678760;;;;;;4170,666200;;;3434,557200;;736,109000;;;21255,334480;3280,859320;;;;4,450770;;-762,176370;;;;;23,949070;;;-1143,290800;;;;-1177,457060;;;;;;-449,718050;;;;;;;;-20,328470;-243,711590;0,159870;-374,141700;;;;;;;;;;-373,981830;-617,693420;;;;-617,693420;;;;;;;;;;;;;;;;;
644;NOU ARGAR XXI SL;B57207052;2017;21170,960200;;19170,769110;;449,760000;1,079740;1549,351350;;1470,008290;;52,369290;;;;;;;439,828790;;;;977,810210;22640,968490;2675,406620;2675,406620;5929,600000;;;;-3614,610480;;;;360,417100;;;;;;;;;;;;;19965,561870;;;18529,378630;;1436,183240;;;22640,968490;4776,194680;;;;0,194610;815,363980;-1062,528389;;;;;15,391650;;;-1309,774450;;;;-2038,234190;;;;;;-449,022070;;;;;;;;0,206230;747,792050;0,002200;-342,671810;;;-29,920260;;;;;;;-372,589870;375,202180;-14,785080;;;360,417100;;;;;;;;;;;;;;;;;
644;NOU ARGAR XXI SL;B57207052;2018;20528,713130;49,425450;18480,028750;;449,760000;1,729740;1547,769190;;7307,855720;;14,660690;;;;;;;309,731980;;49,804440;;6933,658610;27836,568850;8224,497780;8224,497780;4824,680000;5569,648000;1376,803700;;-3254,193380;;;;-292,440540;;;;;18566,119630;;;18566,119630;;;;;1045,951440;;;29,394000;18,759100;997,798340;;;27836,568850;4808,395470;;;;;;-1103,014120;;;;;16,548300;;;-1338,171880;;;;-1077,610540;;;;;;-753,458310;;;;;;;;0,956570;553,645490;0,002200;-844,506070;;;;;;;;;;-844,503870;-290,858380;-1,582160;;;-292,440540;;;;;;;;;;;;;;;;;
548;NOUS PROJECTES I CALCULS S.L.;B57493991;2008;;;;;;;;;;;;;;;;;;;;;;;;;;;;;;;;;;;;;;;;;;;;;;;;;;;;;;;;;;;;;;;;;;;;;;;;;;;;;;;;;;;;;;;;;;;;;;;;;;;;;;;;;;;;;;;;;;;;;;;;;;;
548;NOUS PROJECTES I CALCULS S.L.;B57493991;2009;;;;;;;;;;;;;;;;;;;;;;;;;;;;;;;;;;;;;;;;;;;;;;;;;;;;;;;;;;;;;;;;;;;;;;;;;;;;;;;;;;;;;;;;;;;;;;;;;;;;;;;;;;;;;;;;;;;;;;;;;;;
548;NOUS PROJECTES I CALCULS S.L.;B57493991;2010;20414,351780;;20414,351780;;;;;;632,285590;;31,824730;30,288530;;;;;1,536200;427,590380;;35,603770;;137,266710;21046,637370;3790,374980;4282,261950;9600,000000;;4,830290;;-3071,573630;;-3071,573630;;-2250,994710;;;-537,443370;45,556400;13342,413750;;13322,889570;;19,524180;;;;3913,848640;;;2317,744520;547,619910;1048,484210;;;21046,637370;4336,770230;2,296360;4334,473870;;;;-979,875400;-55,761030;-759,031450;-165,082920;;0,116110;0,116110;;-2083,280690;-1673,952770;-409,327920;;-1553,467950;-825,378220;-197,416830;-530,672900;;;-880,784900;11,308640;;;;;;;-90,047300;-1239,261260;4,017190;-1015,750640;;;;;;;;;;-1011,733450;-2250,994710;;-2250,994710;;-2250,994710;;-177,315790;;;;;;-177,315790;;551,639270;-11,308640;;;3,392590;543,723220;-1884,587280;
548;NOUS PROJECTES I CALCULS S.L.;B57493991;2011;;;;;;;;;;;;;;;;;;;;;;;;;;;;;;;;;;;;;;;;;;;;;;;;;;;;;;;;;;;;;;;;;;;;;;;;;;;;;;;;;;;;;;;;;;;;;;;;;;;;;;;;;;;;;;;;;;;;;;;;;;;
548;NOUS PROJECTES I CALCULS S.L.;B57493991;2012;;;;;;;;;;;;;;;;;;;;;;;;;;;;;;;;;;;;;;;;;;;;;;;;;;;;;;;;;;;;;;;;;;;;;;;;;;;;;;;;;;;;;;;;;;;;;;;;;;;;;;;;;;;;;;;;;;;;;;;;;;;
548;NOUS PROJECTES I CALCULS S.L.;B57493991;2013;18487,138300;;18483,749740;;;3,388560;;;1002,895440;;21,959660;21,959660;;;;;;482,909820;;354,598570;;143,427390;19490,033740;6006,806600;5983,109190;5598,500000;;;;-1109,017070;;-1109,017070;;1493,626260;;;0,642560;23,054850;10797,378530;;9123,497880;1664,000000;9,880650;;;;2685,848610;;;1467,967180;33,067150;1184,814280;;;19490,033740;5574,181570;;5574,181570;;;;-1228,575680;-48,556880;-1013,317300;-166,701500;;9,002750;2,948750;6,054000;-2303,313440;-1807,885490;-495,427950;;-1144,612410;-1002,162940;-127,388960;-15,055330;-0,005180;;-893,319030;9,518900;;;;;;;1695,617550;1718,500210;92,000320;-287,824470;-29,049800;;;;;;;;;-224,873950;1493,626260;;1493,626260;;1493,626260;0,642560;;;;;;;0,642560;25,322860;;;;;;25,322860;-16,349290;
548;NOUS PROJECTES I CALCULS S.L.;B57493991;2014;17970,334090;;17970,334090;;;;;;347,202570;;19,689480;19,689480;;;;;;257,430740;;7,395500;;62,686850;18317,536660;6108,464970;6091,959950;5598,500000;;362,411380;;;;;;131,048570;;;;16,505020;9637,301130;;7966,227550;1664,000000;7,073580;;;;2571,770560;;;1543,726160;60,081360;967,963040;;;18317,536660;5377,943350;;5377,943350;;;;-1267,988920;-47,207250;-1032,394980;-188,386690;;6,543010;2,777530;3,765480;-2340,356630;-1831,869260;-508,487370;;-903,991460;-771,370270;-117,586210;-15,034060;-0,000920;;-663,304690;9,356900;;;;;;;146,469550;364,671110;0,393460;-235,001810;0,985810;;;;;;;;;-233,622540;131,048570;;131,048570;;131,048570;0,343250;;;;;;;0,343250;-0,985810;;-9,356900;;;2,807070;-7,535640;123,856180;
548;NOUS PROJECTES I CALCULS S.L.;B57493991;2015;17366,350500;;17366,350500;;;;;;294,272200;;18,015970;18,015970;;;;;;251,118240;;1,950000;6,811040;16,376950;17660,622700;6327,811550;6317,856360;5598,500000;;493,459950;;;;;;225,896410;;;;9,955190;9011,988190;;6921,721680;2086,000000;4,266510;;;;2320,822960;;;1552,475900;28,403430;739,943630;;;17660,622700;5502,757240;;5502,757240;;;;-1344,897880;-39,861080;-1116,351160;-188,685640;;39,053110;17,284250;21,768860;-2309,912740;-1796,747010;-513,165730;;-832,464840;-716,925510;-106,354030;-9,181990;-0,003310;;-657,109960;9,356900;;;;;;;2,006910;408,788740;0,114380;-182,963430;;-0,043280;;;;;;;;-182,892330;225,896410;;225,896410;;225,896410;;;;;;;;;;;-9,356900;;;2,807070;-6,549830;219,346580;
548;NOUS PROJECTES I CALCULS S.L.;B57493991;2016;16829,236780;;16829,236780;;;;;;647,403710;;17,287440;17,287440;;;;;;439,935820;;5,666970;4,908430;179,605050;17476,640490;6887,634410;6883,985810;5598,500000;;719,356360;;;;;;566,129450;;;;3,648600;8668,080080;;6580,863880;2086,000000;1,216200;;;;1920,926000;;;1153,272280;54,955060;712,698660;;;17476,640490;5873,108650;;5873,108650;;;;-1351,008970;-42,126840;-1125,059490;-183,822640;;63,400180;54,422180;8,978000;-2387,583970;-1887,580220;-500,003750;;-894,183440;-752,427470;-139,187300;-1,992000;-0,576670;;-583,623270;9,356900;;-9,746200;;-9,746200;;;12,574510;732,294390;0,001760;-166,166700;;;;;;;;;;-166,164940;566,129450;;566,129450;;566,129450;;;;;;;;;;;-9,356900;;;2,339230;-7,017670;559,111780;
548;NOUS PROJECTES I CALCULS S.L.;B57493991;2017;16439,603900;;16439,603900;;;;;;978,611970;;16,654820;16,654820;;;;;;364,030430;;0,950000;4,808480;592,168240;17418,215870;7687,739440;7686,079270;5598,500000;;1285,485810;;;;;;802,093460;;;;1,660170;7781,088010;;5694,534620;2086,000000;0,553390;;;;1949,388420;;;1148,412820;78,542200;722,433400;;;17418,215870;6097,810210;;6097,810210;;;;-1486,781120;-55,930180;-1234,924110;-195,926830;;88,019720;82,889720;5,130000;-2521,555630;-2002,292800;-519,262830;;-824,987010;-700,488060;-124,202320;-0,180000;-0,116630;;-452,300890;2,651240;;-10,475880;;-10,475880;;;21,429590;913,810230;0,047220;-111,763990;;;;;;;;;;-111,716770;802,093460;;802,093460;;802,093460;;;;;;;;;;;-2,651240;;;0,662810;-1,988430;800,105030;
548;NOUS PROJECTES I CALCULS S.L.;B57493991;2018;19655,978070;;19655,978070;;;;;;610,722980;;9,151970;9,151970;;;;;;456,495600;;9,255000;13,474590;122,345820;20266,701050;8455,192198;8455,064857;5598,500000;;2087,579270;;;;;;768,985590;;;;0,127340;9708,160370;;7622,117920;2086,000000;0,042450;;;;2103,348480;;;1479,925920;72,748750;550,673810;;;20266,701050;5821,091300;;5821,091300;;;;-1437,885520;-51,197930;-1214,399230;-172,288360;;95,076250;92,004250;3,072000;-2385,567210;-1868,871630;-516,695580;;-875,582910;-741,953960;-132,049079;-0,170000;-1,409870;;-303,787340;2,043770;;-66,580259;;-66,580259;;;20,724460;869,532540;0,055760;-100,602710;;;;;;;;;;-100,546950;768,985590;;768,985590;;768,985590;;;;;;;;;;;-2,043770;;;0,510940;-1,532830;767,452760;
457;NUEVA ISLA BAJA SA;A38777827;2008;13179,045710;;13179,045710;;;;;;5751,893040;;;;;;;;;3314,072560;;;;2437,820480;18930,938750;14122,316810;14122,316810;14100,000000;;;;-22,654870;;;;44,971680;;;;;;;;;;;;;4808,621940;;;;;4808,621940;;;18930,938750;;;;;;8848,696220;-8848,696220;;;;;;;;;;;;-38,390120;;;;;;;;;;;;;;;-38,390120;97,203120;;;;;;;;;;;97,203120;58,813000;-13,841320;;;44,971680;;;;-3,447760;;;;-3,447760;;;;;;;;41,523920;
457;NUEVA ISLA BAJA SA;A38777827;2009;25809,746120;;;25809,746120;;;;;4486,547560;;;;;;;;;639,685770;14,970620;;;3831,891170;30296,293680;14131,023930;14131,023930;14100,000000;;22,316810;;;;;;8,707120;;;;;13000,000000;;13000,000000;;;;;;3165,269750;;;43,696250;;3121,573500;;;30296,293680;;;;;;12630,700410;-12148,693440;;;;;0,654320;;;-51,638610;;;;-303,620080;;;;;;;;;;;;;;;127,402600;83,489220;-200,007920;;;;;;;;;;-116,518700;10,883900;-2,176780;;;8,707120;;;;;;;;;;;;;;;;8,707120;
457;NUEVA ISLA BAJA SA;A38777827;2010;28873,736860;;164,336220;28622,419780;;;86,980860;;1832,286130;;;;;;;;;238,788650;;;;1593,497480;30706,022990;13870,081360;13870,081360;14100,000000;;31,023930;;;;;;-260,942570;;;;;15532,876710;;15532,876710;;;;;;1303,064920;;;128,060790;;1175,004130;;;30706,022990;208,333350;;;;;3033,214180;-2136,167380;;;;;97,644870;;;-59,827220;;;;-885,343630;;;;;;-226,836480;;;;;;;;;31,017690;24,870050;-403,811170;;;;;;;;;;-378,941120;-347,923430;86,980860;;;-260,942570;;;;;;;;;;;;;;;;-260,942570;
457;NUEVA ISLA BAJA SA;A38777827;2011;29124,741550;;155,966520;28801,608690;;;167,166340;;205,698540;;;;;;;;;141,261210;;;;64,437330;29330,440090;13581,579880;13581,579880;14052,055000;;31,023930;;-260,942570;;;;-240,556480;;;;;15365,753420;;15365,753420;;;;;;383,106790;;;301,268580;;81,838210;;;29330,440090;500,000020;;;;;;;;;;;243,464870;;;-47,358020;;;;-197,498520;;;;;;-306,550790;;;;;;;;;192,057560;11,328480;-524,128000;;;;;;;;;;-512,799520;-320,741960;80,185480;;;-240,556480;;;;;;;;;;;;;;;;-240,556480;
457;NUEVA ISLA BAJA SA;A38777827;2012;28999,570850;;146,822800;28554,142610;;;298,605440;;250,855300;;;;;;;;;213,664390;;;;37,190910;29250,426150;13685,332390;13685,332390;14550,669000;;31,023930;;-501,499050;;;;-394,861490;;;;;15300,000000;;15300,000000;;;;;;265,093760;;;243,852000;;21,241760;;;29250,426150;500,000040;;;;;;;;;;;46,863930;;;-49,640860;;;;-276,716120;;;;;;-314,009080;;;;;;;;;-93,502090;;-432,254300;;;;;;;;;;-432,254300;-525,756390;130,894900;;;-394,861490;;;;;;;;;;;;;;;;-394,861490;
457;NUEVA ISLA BAJA SA;A38777827;2013;28759,268290;;137,679200;28249,226800;;;372,362290;;880,223960;;;;;;;;;232,653260;;;;647,570700;29639,492250;13464,061830;13464,061830;14550,669000;;31,023930;;-896,360540;;;;-221,270560;;;;;14975,000000;75,000000;14900,000000;;;;;;1200,430420;;;909,277140;81,906940;209,246340;;;29639,492250;931,333320;;;;;;;;;;;;;;-47,358020;;;;-525,246120;;;;;;-314,059410;;;;;;;;;44,669770;8,035050;-347,732230;;;;;;;;;;-339,697180;-295,027410;73,756850;;;-221,270560;;;;;;;;;;;;;;;;-221,270560;
457;NUEVA ISLA BAJA SA;A38777827;2014;28426,339010;;128,535600;27944,310990;;;353,492420;;877,963150;;;;;;;;;98,903260;;0,025000;;779,034890;29304,302160;13520,671450;13520,671450;14550,669000;;31,023930;;-1117,631100;;;;56,609620;;;;;14975,000000;75,000000;14900,000000;;;;;;808,630710;;;610,660110;79,846940;118,123660;;;29304,302160;1202,183340;;;;;;;;;;;8,255010;;;-47,358020;;;;-437,299170;;;;;;-314,059410;;;;;;;;;411,721750;;-336,242260;;;;;;;;;;-336,242260;75,479490;-18,869870;;;56,609620;;;;;;;;;;;;;;;;56,609620;
457;NUEVA ISLA BAJA SA;A38777827;2015;28821,709500;;28494,085350;;;;327,624150;;953,021180;;135,280440;;;;;;;473,586680;;0,025000;10,074800;334,054260;29774,730680;13586,150110;13586,150110;14550,669000;;31,023930;;-1061,021480;;;;65,478660;;;;;14350,000000;;14350,000000;;;;;;1838,580570;;;950,000000;;888,580570;;;29774,730680;1735,937510;;;;;;-165,385020;;;;;47,430300;;;-415,455260;;;;-590,192460;;;;;;-333,998060;;75,000000;;;;;;;353,337010;14,338340;-276,333350;;0,004930;;;;;;;;-261,990080;91,346930;-25,868270;;;65,478660;;;;;;;;;;;;;;;;65,478660;
457;NUEVA ISLA BAJA SA;A38777827;2016;28576,150330;;28245,973220;;;0,998000;329,179110;;1443,629680;;198,569550;;;;;;;428,029670;212,226180;2,093449;40,647060;562,063770;30019,780010;13026,208140;13026,208140;14550,669000;;31,023930;;-995,542820;;;;-559,941970;;;;;14224,576620;;13426,500000;798,076620;;;;;2768,995250;;;1017,235530;;1751,759720;;;30019,780010;6315,169090;;;;;;-1022,950850;;;;;110,614460;;;-2227,481560;;;;-3120,564860;;;;;;-472,743620;;;-0,676400;;;;;;-418,633740;0,001220;-350,218940;;0,205810;;;;;;;;-350,011910;-768,645650;208,703680;;;-559,941970;;;;;;;;;;;;;;;;;
457;NUEVA ISLA BAJA SA;A38777827;2017;28395,483630;;28065,306520;;;0,998000;329,179110;;1723,799820;;239,158320;66,732149;166,737750;;;;5,688420;515,915510;488,189830;;49,789850;430,746310;30119,283450;12609,636110;12609,636110;14550,669000;;31,023930;;-1555,484790;;-1555,484790;;-416,572030;;;;;14661,623200;;12456,800000;2204,823200;;;;;2848,024140;;;972,077780;;1875,946360;;;30119,283450;7371,818620;7205,078890;166,739730;;;;-1059,114810;;-1059,114810;;;106,154810;102,338670;3,816140;-2565,421660;-1935,847250;-629,574410;;-3723,573950;-3323,304480;-97,948600;-1,504220;-300,816650;;-506,952770;;;;;;;;12,998300;-364,091460;0,002700;-321,864830;;-0,144010;;;;;;;;-322,006140;-686,097600;269,525570;-416,572030;;-416,572030;;;;;;;;;;;;;;;;-416,572030;
457;NUEVA ISLA BAJA SA;A38777827;2018;28196,581200;;27867,959050;;;0,998000;327,624150;;1999,215760;;201,697160;84,172630;117,029530;;;;0,495000;595,367400;660,854370;;48,368630;492,928200;30195,796960;12551,703520;12408,756870;14550,669000;;31,023930;;-1972,056820;;-1972,056820;;-200,879240;;;;142,946650;15071,941470;1,601160;11836,868000;3233,472310;;;;;2572,151970;;;710,700200;;1861,451770;;;30195,796960;7457,086940;7330,062940;127,024000;;;;-962,198370;-28,240410;-933,957960;;;94,150120;88,577550;5,572570;-2578,450100;-1932,650440;-645,799660;;-3501,792610;-3121,091540;-89,604900;1,632000;-292,728170;;-536,420600;6,333350;;;;;;;-3,038580;-24,329850;;-334,720100;;-0,220130;;;;;;;;-334,940230;-359,270080;158,390840;-200,879240;;-200,879240;;;;;;;;;;;142,946650;;;;142,946650;-57,932590;
360;NUEVO HOTEL PASEO DEL ARTE SL.;B86786928;2008;;;;;;;;;;;;;;;;;;;;;;;;;;;;;;;;;;;;;;;;;;;;;;;;;;;;;;;;;;;;;;;;;;;;;;;;;;;;;;;;;;;;;;;;;;;;;;;;;;;;;;;;;;;;;;;;;;;;;;;;;;;
360;NUEVO HOTEL PASEO DEL ARTE SL.;B86786928;2009;;;;;;;;;;;;;;;;;;;;;;;;;;;;;;;;;;;;;;;;;;;;;;;;;;;;;;;;;;;;;;;;;;;;;;;;;;;;;;;;;;;;;;;;;;;;;;;;;;;;;;;;;;;;;;;;;;;;;;;;;;;
360;NUEVO HOTEL PASEO DEL ARTE SL.;B86786928;2010;;;;;;;;;;;;;;;;;;;;;;;;;;;;;;;;;;;;;;;;;;;;;;;;;;;;;;;;;;;;;;;;;;;;;;;;;;;;;;;;;;;;;;;;;;;;;;;;;;;;;;;;;;;;;;;;;;;;;;;;;;;
360;NUEVO HOTEL PASEO DEL ARTE SL.;B86786928;2011;;;;;;;;;;;;;;;;;;;;;;;;;;;;;;;;;;;;;;;;;;;;;;;;;;;;;;;;;;;;;;;;;;;;;;;;;;;;;;;;;;;;;;;;;;;;;;;;;;;;;;;;;;;;;;;;;;;;;;;;;;;
360;NUEVO HOTEL PASEO DEL ARTE SL.;B86786928;2012;;;;;;;;;;;;;;;;;;;;;;;;;;;;;;;;;;;;;;;;;;;;;;;;;;;;;;;;;;;;;;;;;;;;;;;;;;;;;;;;;;;;;;;;;;;;;;;;;;;;;;;;;;;;;;;;;;;;;;;;;;;
360;NUEVO HOTEL PASEO DEL ARTE SL.;B86786928;2013;2271,786090;;;;;2271,786090;;;1456,541220;;51,975000;;;;;;;1263,974380;;;11,904340;128,687500;3728,327310;68,883240;68,883240;3,000000;;;;;;;;65,883240;;;;;2250,418000;;2250,418000;;;;;;1409,026070;;;1,502410;;1407,523660;;;3728,327310;2924,288360;;;;;;-347,780030;;;;;;;;-435,422090;;;;-2046,616630;;;;;;;;;;;;;;;94,469610;;-0,350700;;;;;;;;;;-0,350700;94,118910;-28,235670;;;65,883240;;;;;;;;;;;;;;;;;
360;NUEVO HOTEL PASEO DEL ARTE SL.;B86786928;2014;1800,000000;;;;;1800,000000;;;1674,246560;;14,306920;;;;;;;1657,446820;;;1,485560;1,007260;3474,246560;160,757190;160,757190;3,000000;;65,883240;;;;;;91,873950;;;;;1630,581800;;1630,581800;;;;;;1682,907570;;;12,867820;;1670,039750;;;3474,246560;7943,861130;;;;;;-985,803980;;;;;9,005850;;;-794,961650;;;;-6036,863320;;;;;;;;;;;;;;0,213910;135,451940;6,406220;-10,538780;;;;;;;;;;-4,132560;131,319380;-39,445430;;;91,873950;;;;;;;;;;;;;;;;;
360;NUEVO HOTEL PASEO DEL ARTE SL.;B86786928;2015;4010,964240;;;;4009,000000;1,964240;;;3062,123010;;;;;;;;;2888,853380;;;36,000000;137,269630;7073,087250;852,662300;852,662300;3,000000;;157,757190;;;;;106,577480;585,327630;;;;;4205,554410;;4205,554410;;;;;;2014,870540;;;623,038040;;1391,832500;;;7073,087250;9109,279260;;;;;;-1233,454270;;;;;6,457980;;;-691,523460;;;;-6307,658570;;;;;;;;;;;;;;-9,382340;873,718600;23,716490;-86,011420;;;;;;;;;;-62,294930;811,423670;-226,096040;;;585,327630;;;;;;;;;;;;;;;;585,327630;
360;NUEVO HOTEL PASEO DEL ARTE SL.;B86786928;2016;1,964240;;;;;1,964240;;;6869,845390;;;;;;;;;1815,950300;5023,526450;;28,800000;1,568640;6871,809630;1444,213700;1444,213700;3,000000;;743,084820;;;;;106,577480;591,551400;;;;;358,869990;;358,869990;;;;;;5068,725940;;;2483,048960;;2585,676980;;;6871,809630;8980,772120;8980,772120;;;;;-1264,441730;-24,222260;;-1240,219470;;1,849250;1,849250;;-698,984310;-531,196510;-167,787800;;-6200,905250;-6099,817040;-58,034210;-43,054000;;;;;;;;;;;0,120060;818,410140;20,045000;-68,228320;;;;;;;;;;-48,183320;770,226820;-178,675420;591,551400;;591,551400;;;;;;;;;;;;;;;;591,551400;
360;NUEVO HOTEL PASEO DEL ARTE SL.;B86786928;2017;0,704780;;;;;0,704780;;;3464,543970;;;;;;;;;1314,722320;1636,405910;398,000000;24,050000;91,365740;3465,248750;2178,809890;2178,809890;3,000000;;1334,636220;;;;;106,577480;734,596190;;;;;;;;;;;;;1286,438860;;;156,567470;;1129,871390;;;3465,248750;9553,253980;9553,253980;;;;;-1332,249750;;-39,506030;-1292,743720;;1,041470;1,041470;;-901,402150;-705,774050;-195,628100;;-6358,529110;-6302,304030;-55,727280;-0,372010;-0,125790;;;;;;;;;;-6,154050;955,960390;25,117630;-19,204340;;;;;;;;;;5,913290;961,873680;-227,277490;734,596190;;734,596190;;;;;;;;;;;;;;;;734,596190;
360;NUEVO HOTEL PASEO DEL ARTE SL.;B86786928;2018;0,718700;;;;;0,718700;;;4142,757570;;;;;;;;;1335,810680;2292,020840;;16,925000;498,001050;4143,476270;2790,417650;2790,417650;3,000000;;2069,232410;;;;;106,577480;611,607760;;;;;;;;;;;;;1353,058620;;28,000000;70,532480;;1254,526140;;;4143,476270;9126,320510;9126,320510;;;;;-1266,289500;;-69,256670;-1197,032830;;1,977950;1,977950;;-827,810850;-639,272380;-188,538470;;-6218,255650;-6147,745320;-70,510330;;;;;;;;;;;;-27,900830;788,041630;9,849480;-4,874180;;;;;;;;;;4,975300;793,016930;-181,409170;611,607760;;611,607760;;;;;;;;;;;;;;;;611,607760;
60;OASIS BEACH MASPALOMAS SOCIEDAD LIMITADA;B35453497;2008;75616,333280;7,030840;64591,910470;10656,135260;0,295530;3,910120;357,051060;;25196,589830;;74,779720;;;;;;;2715,716440;;20858,578930;1,529800;1545,984940;100812,923110;92252,082900;92252,082900;21907,501750;62387,344740;8078,541460;;-800,865990;;;;679,560940;;;;;15,222090;;15,222090;;;;;;8545,618119;;;3765,939440;;4779,678680;;;100812,923110;391,287170;;;;;40,388700;22,360050;;;;;158,042900;;;-409,389120;;;;-357,805700;;;;;;-406,908210;;;;;;;;;-562,024210;1279,375170;-2,147880;;;;;;;;;;1277,227290;715,203080;-35,642140;;;679,560940;;;;;;;;;;;;;;;;679,560940;
60;OASIS BEACH MASPALOMAS SOCIEDAD LIMITADA;B35453497;2009;126987,530100;39,172940;124341,431340;;0,295530;3,910120;2602,720170;;33749,783060;;1866,881990;;;;;;;20078,418290;1558,607630;9739,013740;2,642020;504,219390;160737,313160;125783,184020;125783,184020;28009,755250;89629,997520;8231,880220;;-274,643810;;;;186,194840;;;;;18656,074340;401,582140;3015,222090;;15239,270110;;;;16298,054800;;;6182,937910;;10113,043850;2,073040;;160737,313160;6227,276480;;;;;425,200130;-585,716710;;;;;190,291690;;;-3099,481630;;;;-4198,673559;;;;;;-2339,085830;;;;;;;;;-3380,189430;486,129320;-18,202360;;;;;;;;;;467,926960;-2912,262470;3098,457310;;;186,194840;;;;;;;;;;;;;;;;186,194840;
60;OASIS BEACH MASPALOMAS SOCIEDAD LIMITADA;B35453497;2010;124488,417080;25,586110;121766,864050;;0,295530;3,910120;2691,761270;;49110,853210;;1007,223540;1,534220;506,607690;;;;499,081630;23800,952620;1794,100270;21201,228090;3,540400;1303,808290;173599,270290;141718,095530;141544,145350;31673,601500;105986,723970;4850,492450;;-107,068460;;-107,068460;3400,007250;-4259,611360;;;;173,950180;21084,836850;427,351570;4918,550860;;15738,934420;;;;10796,337910;;92,610690;2562,032340;;8141,694880;;;173599,270290;23982,850330;697,737330;23285,113000;;;113,597360;-4380,329000;-3897,951400;-482,377600;;;399,746060;389,229060;10,517000;-9404,258480;-7042,417990;-2427,482820;65,642330;-7944,858410;-7347,895730;-464,229120;-132,733560;;;-9475,378040;21,608720;;;;;;;;-6687,021460;466,895780;-66,028970;;;;;;;;;;400,866810;-6286,154650;2026,543290;-4259,611360;;-4259,611360;;;;;;;;;;;-21,609000;;;6,483000;-15,126000;-4274,737360;
60;OASIS BEACH MASPALOMAS SOCIEDAD LIMITADA;B35453497;2011;116416,535420;19,030120;113595,169570;;0,295530;70,993220;2731,046980;;53622,021570;;742,325230;0,079300;555,130970;;;;187,114960;24526,953930;1840,610430;25187,178150;5,041910;1319,911920;170038,556990;142115,259080;141956,435000;31673,601500;105986,723970;4850,492450;;-4366,679820;;-4366,679820;3400,007250;412,289650;;;;158,824080;19033,682670;533,513569;4123,027860;;14377,141240;;;;8889,615240;;22,365450;2099,142830;;6768,106960;;;170038,556990;31112,393110;1127,015810;29985,377300;;;56,679120;-5396,720600;-4547,049650;-849,670950;;;257,059950;232,855450;24,204500;-9650,281850;-7215,564570;-2527,327980;92,610700;-8373,743010;-7758,817490;-424,073290;-106,238880;-84,613350;;-9708,620510;21,608720;;35,089840;;35,089840;;;;-1646,535230;918,745330;-99,861760;-17,749160;;;;;;;;;801,134410;-845,400820;1257,690470;412,289650;;412,289650;;;;;;;;;;;;;;;;412,289650;
60;OASIS BEACH MASPALOMAS SOCIEDAD LIMITADA;B35453497;2012;110277,072130;12,474130;105184,705910;;0,295530;2513,342380;2566,254180;;59530,581430;;831,869630;0,315000;474,630340;;;;356,924290;23499,630520;3521,372110;29606,308090;73,913530;1997,487550;169807,653560;144281,993270;144138,295310;31673,601500;105986,723970;4868,079990;;-3995,619140;;-3995,619140;3400,007250;2205,501740;;;;143,697960;16312,322610;294,350260;3124,561010;;12893,411340;;;;9213,337680;;122,911580;1637,158180;;7453,267920;;;169807,653560;31706,817230;82,134080;31624,683150;;;56,799360;-6143,908640;-6143,908640;;;;228,845440;205,157100;23,688340;-9492,832160;-7393,722630;-2470,368470;371,258940;-7483,246280;-6838,797360;-661,176010;16,727090;;;-9804,252630;21,608760;;1,271210;;1,271210;;;;-908,897710;1031,456710;-133,940519;-18,166000;0,045680;;;;;;;;879,395870;-29,501840;2235,003580;2205,501740;;2205,501740;;;;;;;;;;;;;;;;2205,501740;
60;OASIS BEACH MASPALOMAS SOCIEDAD LIMITADA;B35453497;2013;96371,884660;5,918140;96006,695610;;20,295530;13,823190;325,152190;;69765,396030;;813,427900;0,315000;492,113960;;;;320,998940;25005,777870;2830,636200;38331,934780;49,603140;2734,016140;166137,280690;143556,882860;143428,310990;31673,601500;105986,723970;5088,630160;;-2010,667570;;-2010,667570;3400,007250;-709,984320;;;;128,571870;13248,536130;28,277440;2123,106029;;11097,152660;;;;9331,861700;;133,295549;1552,400810;;7646,165340;;;166137,280690;36285,636820;122,721410;36162,915410;;;57,404280;-6366,102260;-6366,102260;;;;133,205910;108,721910;24,484000;-10211,934630;-7594,122090;-2617,812540;;-8610,783690;-7841,671750;-790,683090;32,435840;-10,864690;;-9871,292250;21,608680;;7,331530;;7,331530;;;;1445,074390;1146,783020;-47,204870;19,931000;-0,291820;;;;;;;;1119,217330;2564,291720;-3274,276040;-709,984320;;-709,984320;;;;;;;;;;;-21,609000;;;6,483000;-15,126000;-725,110320;
60;OASIS BEACH MASPALOMAS SOCIEDAD LIMITADA;B35453497;2014;87828,802000;;87126,149000;;20,300000;23,567000;658,786000;;82368,659000;;699,112000;0,316000;529,245000;;;;169,551000;35578,102000;;44083,591000;26,323000;1981,531000;170197,461000;147529,105000;147407,556000;31673,602000;105986,724000;8488,637000;;-2720,652000;;-2720,652000;;3979,245000;;;;121,549000;9003,404000;43,453000;1126,671000;;7833,280000;;;;13664,952000;;94,955000;2072,837000;;11497,160000;;;170197,461000;37908,942000;;37908,942000;;;;-6191,319000;-6191,319000;;;;130,454000;113,284000;17,170000;-10549,200000;-7852,272000;-2696,928000;;-8829,942000;-8209,553000;-574,332000;-46,057000;;;-9829,886000;21,609000;38,340000;;;;;;;2698,998000;775,303000;-32,910000;;-0,031000;0,005000;0,005000;;;;;;742,367000;3441,365000;537,880000;3979,245000;;3979,245000;;;;;;;;;;;-21,609000;;;14,586000;-7,023000;3972,222000;
60;OASIS BEACH MASPALOMAS SOCIEDAD LIMITADA;B35453497;2015;81190,358470;;80553,504040;;20,300510;23,567190;592,986730;;94504,425690;;363,131370;0,315800;337,588950;;;;25,226620;7970,284910;32279,252460;48192,245080;5,628670;5693,883200;175694,784160;152207,227440;152101,884950;31673,601500;105986,723970;9747,230290;;;;;;4694,329190;;;;105,342490;6892,056050;28,958210;228,275010;;6634,822830;;;;16595,500670;;94,954750;1370,921130;9584,671980;5544,952810;;;175694,784160;40662,938770;;40662,938770;;;;-6930,221020;-6677,418990;;;-252,802030;38,842510;27,205190;11,637320;-10834,939420;-8126,905920;-2737,702940;29,669440;-9837,933680;-9128,972340;-564,842850;-47,847420;-96,271070;;-7144,847000;21,608720;;0,704900;;0,704900;;;;5976,153780;559,463190;-20,716800;-6,430000;0,748340;;;;;;;;533,064730;6509,218510;-1814,889320;4694,329190;;4694,329190;;;;;;;;;;;-21,608720;;;5,402440;-16,206280;4678,122910;
60;OASIS BEACH MASPALOMAS SOCIEDAD LIMITADA;B35453497;2016;76395,932340;;75824,965330;;20,300510;23,567190;527,099310;;100842,858290;;450,087630;0,425490;443,611000;;;;6,051140;6337,481810;24751,879240;57213,270570;184,350000;11905,789040;177238,790630;160141,068250;160051,932300;31673,601500;105986,723970;14441,559480;;;;;;7950,047350;;;;89,135950;6034,197150;29,421540;64,302920;;5940,472690;;;;11063,525230;;;709,436710;3164,860610;7189,227910;;;177238,790630;45011,476230;;45011,476230;;;;-7019,959510;-6963,770300;;;-56,189210;64,899900;45,389700;19,510200;-11707,241040;-8803,263840;-3003,803630;99,826430;-10521,502180;-9965,089760;-534,675740;0,982360;-22,719040;;-5570,362520;21,608720;;-89,818550;-89,818550;;;;;10189,101050;232,172030;-9,147180;;1,015650;;;;;;;;224,040500;10413,141550;-2463,094200;7950,047350;;7950,047350;;;;;;;;;;;-21,608720;;;5,402180;-16,206540;7933,840810;
60;OASIS BEACH MASPALOMAS SOCIEDAD LIMITADA;B35453497;2017;86461,377000;1,951000;73554,827000;;4420,301000;8023,086000;461,212000;;103981,130000;;537,592000;0,530000;528,058000;;;;9,004000;7033,754000;26409,465000;65895,323000;166,149000;3938,847000;190442,507000;171594,051000;171521,122000;32040,212000;107623,403000;22391,606000;;;;;;9465,901000;;;;72,929000;5395,470000;34,480000;39,327000;;5321,663000;;;;13452,986000;;;385,514000;6985,839000;6081,633000;;;190442,507000;49783,908000;;49783,908000;;;;-7259,395000;-7252,675000;;;-6,720000;63,083000;39,534000;23,549000;-12467,979000;-9298,869000;-3169,110000;;-12212,578000;-11667,105000;-533,095000;-6,609000;-5,769000;;-5449,668000;21,609000;;;;;;;;12478,980000;137,193000;-4,681000;13,045000;0,417000;;;;;;;;145,974000;12624,954000;-3159,053000;9465,901000;;9465,901000;;;;;;;;;;;-21,609000;;;5,402000;-16,207000;9449,694000;
60;OASIS BEACH MASPALOMAS SOCIEDAD LIMITADA;B35453497;2018;80646,292000;1,501000;70034,220000;;4420,301000;5794,946000;395,324000;;110879,977000;;402,438000;0,419000;381,887000;;;;20,132000;5731,421000;60211,619000;38717,013000;142,952000;5674,534000;191526,269000;172646,681000;172589,958000;32040,212000;107623,402000;23338,197000;;;;;;9588,147000;;;;56,723000;4848,392000;17,512000;40,933000;;4789,947000;;;;14031,196000;;;435,328000;6477,477000;7118,391000;;;191526,269000;50592,162000;;50592,162000;;;;-7188,084000;-7040,085000;;;-147,999000;105,662000;75,426000;30,236000;-13145,404000;-9854,869000;-3307,503000;16,968000;-13239,400000;-12694,359000;-518,626000;-25,229000;-1,186000;;-5396,767000;21,609000;;3,842000;;3,842000;;;;11753,620000;156,812000;-0,010000;-12,309000;0,512000;;;;;;;;145,005000;11898,625000;-2310,478000;9588,147000;;9588,147000;;;;;;;;;;;-21,609000;;;5,402000;-16,207000;9571,940000;-8519,311000
97;OLIVIA HOTELS SA;A58768151;2008;54261,337230;75,393230;49036,823700;2730,091670;1327,840420;804,849660;286,338550;;1879,902800;;111,774760;65,285950;40,741740;;;;5,747070;951,291590;;300,832250;2,033080;513,971120;56141,240030;11992,593840;12256,907760;6611,000000;;4535,441640;;;;;;1110,466120;;;-264,313919;;35129,443290;;34791,411380;;338,031910;;;;9019,202900;;;4423,283670;2652,253510;1943,665720;;;56141,240030;17718,625010;17718,625010;;;;;-2506,648970;-1654,708550;-194,118900;-657,821520;;0,664600;0,664600;;-6062,098390;-4591,006080;-1471,092310;;-3360,967770;-2933,407920;-422,887960;-4,671890;;;-2014,095920;;;;;;;;28,070220;3803,548780;127,916520;-2301,420800;108,196290;0,340110;;;;;;;;-2064,967880;1738,580900;-628,114780;1110,466120;;1110,466120;;-954,461810;;;;;312,155350;-642,306460;;-86,056040;;;;;-86,056040;382,103620;
97;OLIVIA HOTELS SA;A58768151;2009;53645,005790;78,439450;48283,203330;2730,091670;1358,592140;804,849660;389,829540;;1834,827810;;58,594350;24,733060;28,114220;;;;5,747070;623,881050;;810,607970;2,588660;339,155780;55479,833600;11801,657290;12711,259550;6611,000000;;5645,907760;;;;;;454,351790;;;-909,602260;;33146,442750;;32952,272610;84,883170;109,286970;;;;10531,733560;;;5005,857740;3193,568830;2332,306990;;;55479,833600;14854,959540;14854,959540;;;;;-2086,895480;-1275,220730;-154,693410;-656,981340;;0,104660;0,104660;;-5323,213350;-4147,833390;-1175,379960;;-3337,673180;-2907,448400;-425,744210;-4,480570;;;-2028,372330;;;20,189880;;20,189880;;;85,190880;2184,290620;47,267820;-1581,550840;;-0,051720;;;;;;;;-1534,334740;649,955880;-195,604090;454,351790;;454,351790;;-921,840490;;;;;276,552150;-645,288340;;;;;;;;-190,936550;
97;OLIVIA HOTELS SA;A58768151;2010;50658,901050;41,734530;45767,515120;2730,091670;999,795760;811,670990;308,092980;;1285,771490;;115,424740;74,171760;35,505910;;;;5,747070;808,861770;5,614600;135,741330;2,266500;217,862550;51944,672540;12524,175340;13243,058970;6611,000000;;6100,259550;;;;;;531,799420;;;-718,883630;;30002,519330;;29868,082510;58,972090;75,464730;;;;9417,977870;;;4754,815380;2448,330070;2214,832420;;;51944,672540;16270,106390;16270,106390;;;;;-2266,698400;-1349,161830;-201,855840;-715,680730;;;;;-5082,822840;-3881,591670;-1201,231170;;-3615,690450;-2865,901200;-738,032980;-11,756270;;;-1950,606880;;;-1251,962690;-1249,413090;-2,549600;;;10,909100;2113,234230;53,310140;-1405,081160;;-0,060600;;;;;;;;-1351,831620;761,402610;-229,603190;531,799420;;531,799420;;272,455190;;;;;-81,736560;190,718630;;;;;;;;722,518050;
97;OLIVIA HOTELS SA;A58768151;2011;72982,143620;97,605390;69379,390660;2434,682880;;811,670990;258,793700;;6926,392790;;77,506400;34,329620;37,429710;;;;5,747070;4599,205410;201,262160;1707,144580;1,766500;339,507740;79908,536410;13657,974990;14261,827000;6611,000000;;6632,058970;;;;;;1018,768030;;;-603,852010;;51479,365900;;51022,917320;250,299940;206,148640;;;;14771,195520;;;9268,220590;2902,401060;2600,573870;;;79908,536410;17301,749340;17301,749340;;;;;-2463,341470;-1391,538310;-218,695060;-853,108100;;;;;-5262,501190;-4019,791670;-1242,709520;;-3825,513250;-3228,282110;-570,964500;-26,266640;;;-1976,968220;;;-295,408790;-295,408790;;;;17,013790;3495,030210;35,749580;-2070,362160;;0,135310;;;;;;;;-2034,477270;1460,552940;-441,784910;1018,768030;;1018,768030;;164,330890;;;;;-49,299270;115,031620;;;;;;;;1133,799650;
97;OLIVIA HOTELS SA;A58768151;2012;77298,117430;73,997980;73411,165040;2434,682880;323,976410;839,197570;215,097550;;1676,516580;;81,450260;35,708640;39,994550;;;;5,747070;941,769190;335,615970;218,270970;1,875000;97,535190;78974,634010;14980,146560;15482,040870;6611,000000;;7650,827000;;;;;;1220,213870;;;-501,894310;;53480,249100;;53198,234540;;282,014560;;;;10514,238350;;;5245,562850;3009,303880;2259,371620;;;78974,634010;17890,099790;17890,099790;;;;;-2445,214420;-1314,844190;-219,439080;-910,931150;;;;;-5066,257080;-3847,157000;-1219,100080;;-4731,590150;-3997,876230;-721,374650;-12,339270;;;-2135,419120;;;-470,036080;-470,000000;-0,036080;;;14,073460;3055,656400;52,993930;-1352,610530;;0,193960;;;;;;;;-1299,422640;1756,233760;-536,019890;1220,213870;;1220,213870;;145,653840;;;;;-43,696140;101,957700;;;;;;;;1322,171570;
97;OLIVIA HOTELS SA;A58768151;2013;89660,167810;97,364410;86727,408410;1355,436000;325,614190;840,009630;314,335170;;2593,188560;;143,229410;64,423470;65,849530;;;;12,956410;802,990790;;243,504010;1,112720;1402,351630;92253,356370;16784,724559;16951,159450;6611,000000;;8871,040870;;;;;;1469,118580;;;-166,434890;;57152,338080;;50706,581550;6058,117200;387,639330;;;;18316,293730;;;6763,969420;8695,588400;2856,735910;;;92253,356370;21910,689110;21910,689110;;;;;-3125,641220;-1688,075140;-277,206550;-1160,359530;;0,045210;0,045210;;-5833,500310;-4407,643200;-1425,857110;;-4842,020660;-4156,732960;-644,046360;-41,241340;;;-2747,055740;;;-1079,246880;-1079,246880;;;;11,681180;4294,950690;22,612410;-2216,588230;;0,034180;;;;;;;;-2193,941640;2101,009049;-631,890470;1469,118580;;1469,118580;;479,227760;;;;;-143,768340;335,459420;;;;;;;;1804,578000;
97;OLIVIA HOTELS SA;A58768151;2014;87317,108730;83,399070;84672,833600;1032,776000;84,246170;862,529450;581,324440;;4500,447930;;171,295090;86,872210;73,142890;;;;11,279990;718,853610;0,000500;3256,264990;1,053640;352,980100;91817,556660;19229,172350;19229,172350;6611,000000;;10340,159450;;;;;;2278,012900;;;;;61352,456250;;47754,678690;13243,397350;354,380210;;;;11235,928060;;;6919,385430;1260,722310;3055,820320;;;91817,556660;28517,735470;28517,735470;;;;;-3975,302530;-2119,416850;-360,158860;-1495,726820;;29,490560;29,490560;;-7013,342300;-5328,842290;-1684,500010;;-6327,090450;-5561,038020;-755,876420;-10,176010;;;-3658,142840;;;-1462,687210;-1063,833520;-398,853690;;;20,135360;6130,796060;47,285700;-3010,073060;;0,007970;;;;;;;;-2962,779390;3168,016670;-890,003770;2278,012900;;2278,012900;;;;;;;;;;237,764110;;;;-71,329220;166,434890;2444,447790;
97;OLIVIA HOTELS SA;A58768151;2015;84863,933330;57,570800;81385,376630;1032,776000;6,692440;1737,679450;643,838010;;3003,710500;;170,609500;87,905220;77,032180;;;;5,672100;861,974790;;1521,533480;1,053640;448,539090;87867,643830;23286,631300;23286,631300;6611,000000;;12618,172350;;;;;;4057,458950;;;;;53007,526360;;42852,990750;9764,045980;390,489630;;;;11573,486170;;;6296,221800;1603,520950;3673,743420;;;87867,643830;30828,296060;30828,296060;;;;;-4181,644110;-2234,271920;-525,522260;-1421,849930;;34,845970;34,845970;;-7596,469550;-5793,019860;-1803,449690;;-6540,258140;-5593,850920;-935,621660;-10,785560;;;-4084,598200;;;-298,885990;;-298,885990;;;16,570580;8177,856620;34,944600;-2574,807570;;-0,019350;;;;;;;;-2539,882320;5637,974300;-1580,515350;4057,458950;;4057,458950;;;;;;;;;;;;;;;;4057,458950;
97;OLIVIA HOTELS SA;A58768151;2016;81852,084740;69,854230;78947,189900;1032,776000;26,388200;1112,679450;663,196960;;3524,559260;;154,462830;80,508120;68,282610;;;;5,672100;768,787090;;1581,347950;1,145320;1018,816070;85376,644000;29115,184020;29115,184020;6611,000000;;16675,631300;;;;;;5828,552720;;;;;44391,762230;;37730,651410;6227,109180;434,001640;;;;11869,697750;;;5978,818320;1918,765970;3934,569560;37,543900;;85376,644000;33618,176049;33618,176049;;;;;-4180,258010;-2307,303580;-359,637500;-1513,316930;;35,803550;35,803550;;-8205,777610;-5811,612450;-2394,165160;;-7554,043700;-6578,574180;-969,197970;-6,271550;;;-3986,557050;;;11,497200;;11,497200;;;41,100590;9779,941020;22,489750;-2029,141200;;-0,022280;;;;;;;;-2006,673730;7773,267290;-1944,714570;5828,552720;;5828,552720;;;;;;;;;;;;;;;;5828,552720;
97;OLIVIA HOTELS SA;A58768151;2017;79242,675780;47,618890;76237,073130;1032,776000;134,250350;1112,529450;678,427960;;2469,884140;;159,091500;81,113020;72,306380;;;;5,672100;707,916880;;947,158970;10,162550;645,554240;81712,559920;32606,401990;32606,401990;6611,000000;;20304,184020;;;;;;5691,217970;;;;;36235,937470;;32446,677030;3318,069020;471,191420;;;;12870,220460;;;6769,136700;1870,253540;4227,859599;2,970620;;81712,559920;34055,914280;34055,914280;;;;;-4411,632660;-2380,615630;-388,039760;-1642,977270;;129,049440;129,049440;;-8514,388640;-6051,563880;-2462,824760;;-7969,912280;-7129,997030;-826,806630;-10,440110;-2,668510;;-3992,488210;;;;;;;;78,570060;9375,111990;21,335430;-1811,136860;;0,021620;;;;;;;;-1789,779810;7585,332180;-1894,114210;5691,217970;;5691,217970;;;;;;;;;;;;;;;;5691,217970;-2200,000000
97;OLIVIA HOTELS SA;A58768151;2018;75784,151100;30,876950;72775,989970;1169,168000;;1107,919940;700,196240;;11741,001460;;178,457480;87,774420;85,010960;;;;5,672100;865,541710;;982,229950;1,267740;9713,504580;87525,152560;35011,076770;35014,533900;6611,000000;;23495,401990;;;;;;4908,131910;;;-3,457130;;40188,260910;;36466,936070;3263,991780;457,333060;;;;12325,814880;;;6435,708890;1667,762710;4219,191250;3,152030;;87525,152560;32662,934140;32662,934140;;;;;-4469,521420;-2383,934950;-395,855360;-1689,731110;;179,958580;179,958580;;-8783,487990;-6265,948580;-2517,539410;;-7680,216530;-6867,104610;-801,780880;-11,331040;;;-3973,271910;;;136,392000;136,392000;;;;49,968910;8122,755780;11,932280;-1593,583280;;0,496790;;;;;;;;-1581,154210;6541,601570;-1633,469660;4908,131910;;4908,131910;-4,609510;;;;;;1,152380;-3,457130;;;;;;;;4904,674780;-2500,000000
78;ONA SOL SL;B03495116;2008;;;;;;;;;;;;;;;;;;;;;;;;;;;;;;;;;;;;;;;;;;;;;;;;;;;;;;;;;;;;;;;;;;;;;;;;;;;;;;;;;;;;;;;;;;;;;;;;;;;;;;;;;;;;;;;;;;;;;;;;;;;
78;ONA SOL SL;B03495116;2009;;;;;;;;;;;;;;;;;;;;;;;;;;;;;;;;;;;;;;;;;;;;;;;;;;;;;;;;;;;;;;;;;;;;;;;;;;;;;;;;;;;;;;;;;;;;;;;;;;;;;;;;;;;;;;;;;;;;;;;;;;;
78;ONA SOL SL;B03495116;2010;;;;;;;;;;;;;;;;;;;;;;;;;;;;;;;;;;;;;;;;;;;;;;;;;;;;;;;;;;;;;;;;;;;;;;;;;;;;;;;;;;;;;;;;;;;;;;;;;;;;;;;;;;;;;;;;;;;;;;;;;;;
78;ONA SOL SL;B03495116;2011;12338,116840;25,099560;1748,607410;;7910,041900;12,907590;2641,460380;;2898,474940;;168,655100;67,445760;101,209340;;;;;1908,492890;174,982820;2,163290;139,440320;504,740520;15236,591780;4100,188920;4041,182810;812,000000;;9403,886470;;-5666,437250;;-5666,437250;;-508,266410;;;;59,006110;3262,178130;;2761,962870;474,926880;25,288380;;;;7874,224730;;;2789,270370;3023,142860;1947,717340;114,094160;;15236,591780;14633,188130;14633,188130;;;;;-3094,850260;-453,397050;-2641,453210;;;100,860020;83,361820;17,498200;-6708,631000;-5220,296760;-1488,334240;;-4043,952370;-3968,664550;-72,045560;-3,242260;;;-1297,917310;27,452540;;-69,150580;;-69,150580;;;79,533660;-373,467170;126,417600;-479,932790;;1,225910;;;;;;;;-352,289280;-725,756450;217,490040;-508,266410;;-508,266410;;;;;;1,225910;;1,225910;;;-27,452540;;-1,225910;8,235750;-20,442700;-527,483199;
78;ONA SOL SL;B03495116;2012;1065,104500;16,862100;1039,842400;;;8,400000;;;1684,139990;;141,988220;74,158890;67,829330;;;;;1230,217630;;2,243290;122,426810;187,264040;2749,244490;-5450,258420;-5484,644170;812,000000;;9403,886470;;-6174,703660;;-6174,703660;;-9525,826980;;;;34,385750;418,583240;;403,846410;;14,736830;;;;7780,919670;;;258,695840;6170,245500;1266,992050;84,986280;;2749,244490;14109,776120;14109,776120;;;;;-3273,529520;-582,885670;-2690,643850;;;70,781610;53,263250;17,518360;-6535,811530;-5080,334980;-1455,476550;;-3944,139490;-3868,459530;-68,129640;-7,550320;;;-931,438750;35,171910;;-1,892070;;-1,892070;;;26,541830;-444,539890;133,692170;-409,827750;;1,597180;-6165,288310;-6164,923940;-0,364370;;;;;-6439,826710;-6884,366600;-2641,460380;-9525,826980;;-9525,826980;;;;;;1,599270;;1,599270;;;-35,171910;;-1,599270;10,551550;-26,219630;-9550,447340;
78;ONA SOL SL;B03495116;2013;4686,012090;7,607550;882,638320;;794,438660;;3001,327560;;2532,333850;1053,985440;104,124860;25,536950;78,587910;;;;;945,711750;;2,013290;132,450609;294,047900;7218,345940;-1433,985240;-1457,886580;812,000000;;9403,886470;;-15700,530640;;-15700,530640;;4026,757590;;;;23,901340;184,129870;;173,886320;;10,243550;;;;8468,201310;;;229,967590;6489,432050;1657,915380;90,886290;;7218,345940;11863,130360;11863,130360;;;;;-2729,455070;-509,318480;-2220,136590;;;61,448120;43,683640;17,764480;-5248,339970;-4022,283670;-1226,056300;;-3804,332350;-3516,068530;-35,205790;-253,058030;;;-353,691350;14,977690;;-7,262870;;-7,262870;;;45,324780;-158,200660;23,226020;-349,153220;;0,839000;1508,718890;1508,718890;;;;;;1183,630690;1025,430030;3001,327560;4026,757590;;4026,757590;;;;;;;;;;;-14,977690;;;4,493280;-10,484410;4016,273180;
78;ONA SOL SL;B03495116;2014;13209,217510;9,243550;10037,450500;175,814160;41,406720;0,084280;2945,218300;;1226,858720;;173,712590;102,079650;71,632940;;;;;660,136600;;3,713290;39,341810;349,954430;14436,076230;9223,757690;9212,426000;1624,000000;8188,000000;9403,886470;;-11673,773050;;-11673,773050;;1670,312580;;;;11,331690;1568,664680;5,006000;1558,802100;;4,856580;;;;3643,653860;;;1968,616100;;1575,243680;99,794080;;14436,076230;14465,818930;14465,818930;;;;;-2935,220370;-636,961810;-2298,258560;;;242,788190;211,187080;31,601110;-6064,616110;-4700,936030;-1363,680080;;-4270,538900;-4104,313000;-121,594230;-44,631670;;;-559,921630;17,956620;;-8,275709;;-8,275709;;;1702,200440;2590,191460;11,082770;-96,403480;;3,346210;-781,795120;1546,307410;-2328,102530;;;;;-863,769620;1726,421840;-56,109260;1670,312580;;1670,312580;;;;;;;;;;;-17,956620;;;5,386970;-12,569650;1657,742930;
78;ONA SOL SL;B03495116;2015;15279,039950;3,590530;12955,312250;172,776780;9,139250;0,084280;2138,136859;;1848,031770;;107,720110;63,018530;44,701580;;;;;1012,297820;;3,713290;71,941010;652,359540;17127,071719;10557,367470;10549,244960;1624,000000;8188,000000;9570,917730;;-10170,491730;;-10170,491730;;1336,818960;;;;8,122510;3720,831650;105,452870;3262,220040;350,000000;3,158740;;;;2848,872600;;;758,292930;3,192440;2038,745510;48,641720;;17127,071719;16201,834650;16201,834650;;;;;-2817,581180;-630,989450;-2186,591730;;;425,836030;390,511710;35,324320;-6482,860990;-4986,597910;-1496,263080;;-4338,831010;-4217,744490;-113,302990;-7,783530;;;-594,700250;4,907060;;-11,968380;;-11,968380;;;-134,389020;2252,246910;0,810550;-74,531700;;2,202660;-36,828020;-36,828020;;;;;;-108,346510;2143,900400;-807,081440;1336,818960;;1336,818960;;;;;;;;;;;-4,907060;;;1,697880;-3,209180;1333,609780;
78;ONA SOL SL;B03495116;2016;24293,435560;2,292110;22147,153080;169,739400;;0,084280;1974,166690;;5374,409140;;161,516850;78,234420;83,282430;;;;;2599,766280;17,817720;2,030000;49,455730;2543,822560;29667,844700;10197,866840;10173,266840;1624,000000;8188,000000;9704,599630;;-8967,354670;;-8967,354670;;-375,978120;;;;24,600000;14206,968480;105,452870;13717,866160;350,000000;33,649450;;;;5263,009380;;;2212,797860;8,528300;2869,502700;172,180520;;29667,844700;18392,903970;18392,903970;;;;;-3100,964870;-606,966620;-2329,900840;-164,097410;;386,497520;365,417530;21,079990;-6654,256150;-5005,577770;-1648,678380;;-4314,033860;-4202,426630;-111,597610;-0,009620;;;-964,082110;5,600120;;-3614,287400;;-3614,287400;;;-30,104700;107,272520;1,179400;-296,210240;;1,199840;;;;;;;;-293,831000;-186,558480;-189,419640;-375,978120;;-375,978120;;;27,118850;;;;-6,779710;20,339140;;;-5,600120;;;1,738470;-3,861650;-359,500630;
78;ONA SOL SL;B03495116;2017;25024,866460;36,838830;21668,282620;166,702020;1758,934980;0,084280;1394,023730;;16090,113060;;202,763090;93,968640;108,794450;;;;;3284,059470;7803,732170;;49,380630;4750,177700;41114,979520;15773,320390;15719,441170;1624,000000;8188,000000;9704,599630;;-9343,332790;;-9343,332790;;5546,174330;;;;53,879220;12241,973880;;12185,443340;;56,530540;;;;13099,685250;;;9731,660770;;3180,643720;187,380760;;41114,979520;25628,783580;25628,783580;;;;;-4256,434400;-775,339730;-3045,427880;-435,666790;;408,116630;385,691390;22,425240;-8125,052110;-6312,452220;-1812,599890;;-5443,198670;-5155,319620;-284,628290;-3,250760;;;-1538,007540;11,587510;;-4,018060;;-4,018060;;;40,101030;6721,877970;1,175580;-401,001720;;1,858060;59,762000;3090,780810;-3031,018810;;;;;-338,206080;6383,671890;-837,497560;5546,174330;;5546,174330;;;50,626480;;;;-12,656630;37,969850;;;-11,587510;;;2,896880;-8,690630;5575,453550;
78;ONA SOL SL;B03495116;2018;44312,698840;2673,613510;30463,550950;163,664640;10616,654940;3,900580;391,314220;;13705,687490;;229,884730;90,940950;138,943780;;;;;4503,356030;0,050820;;60,312240;8912,083670;58018,386330;20052,636800;20008,133080;1624,000000;8188,000000;10080,694110;;-3820,025300;;-3820,025300;;3935,464270;;;;44,503720;29197,803350;;29132,864380;;64,938970;;;;8767,946180;;;4637,433270;;3960,203790;170,309120;;58018,386330;31144,742990;31041,185390;103,557600;;;;-5185,364900;-955,918520;-3749,203740;-480,242640;;361,869210;338,656420;23,212790;-10800,824210;-8362,614990;-2438,209220;;-7299,506710;-7054,822280;-200,139080;-44,545350;;;-2413,476770;12,500660;;-79,292290;;-79,292290;;;18,901870;5759,549850;0,075390;-443,171340;;1,789430;20,420190;13,068480;7,351710;;;;;-420,886330;5338,663520;-1403,199250;3935,464270;;3935,464270;;;;;;;;;;;-12,500660;;;3,125160;-9,375500;3926,088770;
383;ONABRAVA SA;A60890043;2008;16071,894790;170,817600;8789,909800;;7103,041000;8,126390;;;2756,369380;;84,907020;77,419020;;;;;7,488000;636,362470;;2000,000000;5,058970;30,040920;18828,264170;11553,086420;11553,086420;5123,525000;1305,662680;4157,971180;;;;;;965,927560;;;;;6308,003720;75,000000;3833,003720;2400,000000;;;;;967,174030;;;375,490540;23,152000;568,531490;;;18828,264170;6631,076800;905,882730;5725,194070;;;;-1346,897190;-1144,620890;;-202,276300;;300,859100;299,092300;1,766800;-2327,786650;-1787,702910;-540,083740;;-1301,589110;-1125,161550;-168,745810;-7,681750;;;-670,702340;;;;;;;;110,015540;1394,976150;226,096080;-241,175720;;;;;;;;;;-15,079640;1379,896510;-413,968950;965,927560;;965,927560;;;;;;;;;;;;;;;;965,927560;
383;ONABRAVA SA;A60890043;2009;15480,328620;166,694260;8322,466970;;6983,041000;8,126390;;;1747,421390;;70,948510;70,948510;;;;;;332,670340;;1300,855440;5,865130;37,081970;17227,750010;12308,539900;12308,539900;5123,525000;1305,662680;5123,898740;;;;;;755,453480;;;;;4023,606690;75,000000;3448,606690;500,000000;;;;;895,603420;;;373,130360;24,812060;497,661000;;;17227,750010;6029,046440;752,070440;5276,976000;;;;-1170,812000;-1015,210050;;-155,601950;;298,911160;298,911160;;-1941,842450;-1501,452300;-440,390150;;-1547,616800;-1371,669070;-175,947730;;;;-648,965730;;;;;;;;14,854610;1033,575230;160,027660;-114,383630;;;;;;;;;;45,644030;1079,219260;-323,765780;755,453480;;755,453480;;;;;;;;;;;;;;;;755,453480;
383;ONABRAVA SA;A60890043;2010;15595,277630;162,570920;7983,570520;;7443,335500;5,800690;;;1363,686320;;52,620400;52,620400;;;;;;388,014600;139,075360;710,732660;8,464460;64,778840;16958,963950;12737,067870;12737,067870;5123,525000;1305,662680;5879,352220;;;;;;854,777970;-426,250000;;;;3238,105080;75,000000;3163,105080;;;;;;983,791000;;;391,890000;49,943740;541,957260;;;16958,963950;6255,233040;748,355600;5506,877440;;;;-1212,420720;-1041,077200;;-171,343520;;282,184500;282,184500;;-2062,461210;-1595,544280;-466,916930;;-1409,286570;-1236,748800;-172,537770;;;;-590,606660;;;;;;;;0,886240;1263,528620;40,496170;-82,913400;;;;;;;;;;-42,417230;1221,111390;-366,333420;854,777970;;854,777970;;;;;;;;;;;;;;;;854,777970;
383;ONABRAVA SA;A60890043;2011;15651,312690;158,507620;7967,397380;;7519,607000;5,800690;;;1959,817810;;49,883730;49,883730;;;;;;576,108340;1052,026300;238,126070;6,055000;37,618370;17611,130500;13709,102880;13709,102880;5123,525000;1305,662680;6307,880190;;;;;;972,035010;;;;;3066,471050;75,000000;2875,041080;;116,429970;;;;835,556570;;;255,992670;65,437780;514,126120;;;17611,130500;6194,482320;851,351800;5343,130520;;;;-1142,141310;-970,677630;;-171,463680;;274,990100;274,990100;;-1972,451400;-1522,437220;-450,014180;;-1443,236760;-1237,205470;-191,888130;-14,143160;;;-511,366880;;;;;;;;25,607160;1425,883230;54,876760;-92,138550;;;;;;;;;;-37,261790;1388,621440;-416,586430;972,035010;;972,035010;;;;;;;;;;;;;;;;972,035010;426,250000
383;ONABRAVA SA;A60890043;2012;16333,482210;154,486290;8413,666230;;7759,529000;5,800690;;;2018,468110;;40,798780;40,798780;;;;;;689,503920;;1252,637420;6,182150;29,345840;18351,950320;14643,409070;14643,409070;5123,525000;1305,662680;7279,915200;;;;;;934,306190;;;;;2437,547390;;2335,465320;;102,082070;;;;1270,993860;;;708,869330;97,229040;464,895490;;;18351,950320;6783,992890;945,321550;5838,671340;;;;-1276,208220;-1085,402820;;-190,805400;;260,238520;256,331520;3,907000;-2276,767680;-1771,943340;-504,824340;;-1656,252460;-1264,490260;-391,762200;;;;-511,386230;;;;;;;;45,142820;1368,759640;38,074840;-79,825640;;;;;;;;;;-41,750800;1327,008840;-392,702650;934,306190;;934,306190;;;;;;;;;;;;;;;;934,306190;
383;ONABRAVA SA;A60890043;2013;18111,605800;150,464960;9418,278660;;8439,529000;5,800690;97,532490;;1850,376510;;43,165030;43,165030;;;;;;456,219510;816,988010;493,539640;;40,464320;19961,982310;17154,401370;17154,401370;5123,525000;1305,662680;9743,307920;;;;;;981,905770;;;;;1593,589240;;1505,855070;;87,734170;;;;1213,991700;;;557,971130;37,018980;619,001590;;;19961,982310;7013,745870;914,420080;6099,325790;;;;-1306,980470;-1104,827910;;-202,152560;;288,734850;288,734850;;-2228,017460;-1736,790320;-491,227140;;-1667,590760;-1467,656570;-199,934190;;;;-725,806310;;;;;;;;0,044960;1374,130680;71,300260;-42,708410;;;;;;;;;;28,591850;1402,722530;-420,816760;981,905770;;981,905770;;;;;;;;;;;;;;;;981,905770;
383;ONABRAVA SA;A60890043;2014;18748,874850;146,443630;9013,601530;;9429,410500;5,800690;153,618500;;1314,803220;;41,317260;41,317260;;;;;;403,403640;830,364740;;6,337490;33,380089;20063,678070;18219,573240;18219,573240;5123,525000;1305,662680;10725,213690;;;;;;1065,171870;;;;;821,421390;;752,927540;;68,493850;;;;1022,683440;;;458,971710;40,446920;523,264810;;;20063,678070;6945,959200;869,509680;6076,449520;;;;-1304,241430;-1095,123060;;-209,118370;;307,914600;307,914600;;-2232,650850;-1734,988560;-497,662290;;-1718,057610;-1517,636520;-200,421090;;;;-532,160430;;;;;;;;2,883080;1469,646560;56,794630;-26,090910;;;;;;;;;;30,703720;1500,350280;-435,178410;1065,171870;;1065,171870;;;;;;;;;;;;;;;;1065,171870;
383;ONABRAVA SA;A60890043;2015;18881,000040;151,625900;8692,411510;;9939,410500;5,800690;91,751440;;1676,459080;;40,969280;40,969280;;;;;;557,200200;1030,000000;0,750000;;47,539600;20557,459120;19289,816000;19289,816000;5123,525000;1305,662680;11790,385560;;;;;;1496,492760;-426,250000;;;;51,471940;;;;51,471940;;;;1216,171180;;;222,970060;79,755310;913,445810;;;20557,459120;7305,424050;3,652110;7301,771940;;;;-1586,381290;-1300,283390;;-286,097900;;819,882580;819,882580;;-2427,078580;-1901,631540;-525,447040;;-1836,804710;-1626,159750;-210,644960;;;;-517,942720;;;;;;;;192,823330;1949,922660;89,476170;-18,185600;;-0,000010;;;;;;;;71,290560;2021,213220;-524,720459;1496,492760;;1496,492760;;;;;;;;;;;;;;;;1496,492760;-426,250000
383;ONABRAVA SA;A60890043;2016;21283,789880;143,513590;8514,340640;;12540,310500;5,800690;79,824460;;1159,840230;;190,113960;34,555760;;;;;155,558200;494,933240;10,008190;;;464,784840;22443,630110;20337,651800;20337,651800;5123,525000;1305,662680;12860,628320;;;;;;1559,335800;-511,500000;;;;1199,785470;;1157,135500;;42,649970;;;;906,192840;;;12,361930;;893,830910;;;22443,630110;7546,547590;15,157810;7531,389780;;;;-1550,558590;-1267,800710;;-282,757880;;853,607290;849,168070;4,439220;-2489,141160;-1853,414780;-635,726380;;-1908,210350;-1692,732790;-215,477560;;;;-516,161950;;;;;;;;13,236290;1949,319120;71,376170;-4,849130;;-0,000800;;;;;;;;66,526240;2015,845360;-456,509560;1559,335800;;1559,335800;;;;;;;;;;;;;;;;1559,335800;
383;ONABRAVA SA;A60890043;2017;27351,301980;135,401280;9048,606050;;18094,966750;5,800690;66,527210;;1799,839200;;35,863510;35,863510;;;;;;614,081340;1000,000000;0,750000;;149,144350;29151,141180;21111,117650;21111,117650;5123,525000;1305,662680;13908,464120;;;;;;1412,840850;-639,375000;;;;6252,995720;;6219,087030;;33,908690;;;;1787,027810;;;13,890840;;1773,136970;;;29151,141180;7739,466040;4,552760;7734,913280;;;;-1607,816820;-1277,068230;;-330,748590;;791,505130;788,477140;3,027990;-2609,575870;-1979,308060;-630,267810;;-1924,597960;-1699,259120;-225,338840;;;;-517,863650;;;-64,504860;;-64,504860;;;7,923850;1814,535860;107,014590;-81,141010;;0,003140;;;;;;;;25,876720;1840,412580;-427,571730;1412,840850;;1412,840850;;;;;;;;;;;;;;;;1412,840850;-1150,875000
383;ONABRAVA SA;A60890043;2018;28659,877110;169,836460;10337,483920;;18094,966750;5,800690;51,789290;;3321,988300;;52,261570;52,261570;;;;;;368,320000;2250,000000;0,750000;;650,656730;31981,865410;21866,705580;21866,705580;5123,525000;1305,662680;14681,929970;;;;;;1437,587930;-682,000000;;;;6219,986660;;6192,053520;;27,933140;;;;3895,173170;;;298,090570;1500,000000;2097,082600;;;31981,865410;8289,531300;13,090900;8276,440400;;;;-1678,858160;-1349,268940;;-329,589220;;740,038650;737,164390;2,874260;-2755,615010;-2084,327220;-671,287790;;-1981,004170;-1738,848620;-242,155550;;;;-607,653300;;;-107,439370;;-107,439370;;;-0,096950;1898,902990;81,238840;-98,396570;;-0,019770;;;;;;;;-17,177500;1881,725490;-444,137560;1437,587930;;1437,587930;;;;;;;;;;;;;;;;1437,587930;-1321,375000